L6-CAPCERT-2
# produced by r152/src/producer152.c -- UNTRUSTED, see the checkers
# cell <b> <d> <a> <bb> <e> <h> <cap> <nports>, then the ports
# port index = rank in the lexicographic list of the 720
# permutations of "123456"
cell 0 0 0 0 0 0 20 20
0 152 300 432 480 150 290 372 72 512 288 362 12 200 540 360 2 158 324 552
cell 0 0 0 0 0 1 40 40
0 152 300 432 480 150 290 372 72 512 288 362 12 200 540 360 2 158 324 552 144 248 60 440 510 246 50 398 198 530 48 392 156 314 492 390 146 254 84 560
cell 0 0 0 0 1 0 20 20
0 152 300 432 480 150 290 372 72 512 288 362 12 200 540 360 2 158 324 552
cell 0 0 0 1 0 0 20 20
0 152 300 432 480 155 311 477 705 513 309 467 645 201 545 465 635 159 329 573
cell 0 0 1 0 0 0 20 20
0 152 300 432 480 150 290 372 72 512 288 362 12 200 540 360 2 158 324 552
cell 0 1 0 0 0 0 20 20
0 152 300 432 480 150 290 372 72 512 288 362 12 200 540 360 2 158 324 552
cell 1 0 0 0 0 0 35 35
0 152 300 432 480 150 290 372 72 512 288 362 12 200 540 360 2 158 554 366 26 278 204 368 36 320 516 168 38 326 558 384 122 324 552
cell 0 0 0 0 0 2 60 60
0 152 300 432 480 150 290 372 72 512 288 362 12 200 540 360 2 158 324 552 144 248 60 440 510 246 50 398 198 530 48 392 156 314 492 390 146 254 84 560 240 8 182 444 528 6 176 420 312 482 174 410 252 74 518 408 242 14 206 564
cell 0 0 0 0 2 0 20 20
0 152 300 432 480 150 290 372 72 512 288 362 12 200 540 360 2 158 324 552
cell 0 0 0 1 1 0 25 25
0 152 300 432 480 150 290 372 72 512 288 362 12 200 540 365 23 238 714 553 20 230 684 409 244
cell 0 0 0 2 0 0 30 30
0 152 300 432 480 150 290 372 72 512 293 383 117 712 541 381 107 670 325 557 103 658 277 196 500 655 267 136 92 590
cell 0 0 1 0 1 0 20 20
0 152 300 432 480 150 290 372 72 512 288 362 12 200 540 360 2 158 324 552
cell 0 0 1 1 0 0 20 20
0 152 300 432 480 155 311 477 705 513 309 467 645 201 545 465 635 159 329 573
cell 0 0 2 0 0 0 20 20
0 152 300 432 480 150 290 372 72 512 288 362 12 200 540 360 2 158 324 552
cell 0 1 0 0 0 1 40 40
0 152 300 432 480 150 290 372 72 512 288 362 12 200 540 360 2 158 324 552 144 248 60 440 510 246 50 398 198 530 48 392 156 314 492 390 146 254 84 560
cell 0 1 0 0 1 0 20 20
0 152 300 432 480 150 290 372 72 512 288 362 12 200 540 360 2 158 324 552
cell 0 1 0 1 0 0 20 20
0 152 300 432 480 155 311 477 705 513 309 467 645 201 545 465 635 159 329 573
cell 0 1 1 0 0 0 20 20
0 152 300 432 480 150 290 372 72 512 288 362 12 200 540 360 2 158 324 552
cell 0 2 0 0 0 0 33 33
0 152 300 432 480 150 290 372 72 512 288 362 12 200 540 360 2 158 554 366 26 278 204 368 36 320 516 168 38 326 558 384 122
cell 1 0 0 0 0 1 55 55
0 152 300 432 480 150 290 372 72 512 288 362 12 200 540 360 2 158 324 552 144 248 60 440 510 246 50 398 198 530 48 392 156 314 492 390 146 254 558 384 122 38 326 386 132 80 542 294 134 86 566 414 266 84 560
cell 1 0 0 0 1 0 35 35
0 152 300 432 480 150 290 372 72 512 288 362 12 200 540 360 2 158 554 366 26 278 204 368 36 320 516 168 38 326 558 384 122 324 552
cell 1 0 0 1 0 0 35 35
0 152 300 432 480 155 311 477 705 513 309 467 645 201 545 465 635 159 575 471 659 279 209 473 669 321 521 189 671 327 563 405 227 329 573
cell 1 0 1 0 0 0 35 35
0 152 300 432 480 150 290 372 72 512 288 362 12 200 540 360 2 158 554 366 26 278 204 368 36 320 516 168 38 326 558 384 122 324 552
cell 1 1 0 0 0 0 35 35
0 152 300 432 480 150 290 372 72 512 288 362 12 200 540 360 2 158 554 366 26 278 204 368 36 320 516 168 38 326 558 384 122 324 552
cell 2 0 0 0 0 0 50 50
0 152 300 432 480 150 290 372 72 512 288 362 12 200 540 360 2 158 554 366 26 278 204 368 36 320 516 168 38 326 558 120 32 302 438 504 30 296 396 192 488 294 386 132 80 542 384 122 324 552
cell 0 0 0 0 0 3 70 70
0 152 300 432 480 150 290 372 72 512 288 362 12 200 540 360 2 158 324 552 144 248 60 440 510 246 50 398 198 530 48 392 156 314 492 390 146 254 84 560 240 8 182 444 528 6 176 420 312 482 414 266 134 86 566 264 128 62 446 534 126 56 422 318 506 54 416 276 194 494
cell 0 0 0 0 2 1 40 40
0 152 300 432 480 150 290 372 72 512 288 362 12 200 540 360 2 158 324 552 144 248 60 440 510 246 50 398 198 530 48 392 156 314 492 390 146 254 84 560
cell 0 0 0 1 1 1 45 45
0 152 300 432 480 150 290 372 72 512 288 362 12 200 540 365 23 238 714 553 20 230 684 409 244 678 385 124 44 350 388 138 104 662 295 140 110 686 415 268 108 680 391 148 260
cell 0 0 0 2 0 1 50 50
0 152 300 432 480 150 290 372 72 512 293 383 117 712 541 381 107 670 325 557 103 658 277 196 500 655 267 136 92 590 124 44 350 678 385 42 344 636 169 370 342 626 127 58 428 624 121 34 308 462
cell 0 0 1 0 1 1 40 40
0 152 300 432 480 150 290 372 72 512 288 362 12 200 540 360 2 158 324 552 144 248 60 440 510 246 50 398 198 530 48 392 156 314 492 390 146 254 84 560
cell 0 0 1 0 2 0 20 20
0 152 300 432 480 150 290 372 72 512 288 362 12 200 540 360 2 158 324 552
cell 0 0 1 1 0 1 40 40
0 152 300 432 480 150 290 372 72 512 293 383 117 712 541 381 107 670 325 557 650 247 52 404 222 250 66 464 630 145 68 470 654 265 130 468 648 241 10 188
cell 0 0 1 1 1 0 25 25
0 152 300 432 480 150 290 372 72 512 288 362 12 200 540 365 23 238 714 553 20 230 684 409 244
cell 0 0 1 2 0 0 30 30
0 152 300 432 480 150 290 372 72 512 293 383 117 712 541 381 107 670 325 557 103 658 277 196 500 655 267 136 92 590
cell 0 0 2 0 0 1 40 40
0 152 300 432 480 150 290 372 72 512 288 362 12 200 540 360 2 158 324 552 144 248 60 440 510 246 50 398 198 530 48 392 156 314 492 390 146 254 84 560
cell 0 0 2 0 1 0 20 20
0 152 300 432 480 150 290 372 72 512 288 362 12 200 540 360 2 158 324 552
cell 0 0 2 1 0 0 20 20
0 152 300 432 480 155 311 477 705 513 309 467 645 201 545 465 635 159 329 573
cell 0 0 3 0 0 0 20 20
0 152 300 432 480 150 290 372 72 512 288 362 12 200 540 360 2 158 324 552
cell 0 1 0 0 0 2 60 60
0 152 300 432 480 150 290 372 72 512 288 362 12 200 540 360 2 158 324 552 144 248 60 440 510 246 50 398 198 530 48 392 156 314 492 390 146 254 84 560 240 8 182 444 528 6 176 420 312 482 174 410 252 74 518 408 242 14 206 564
cell 0 1 0 0 2 0 24 24
0 152 300 432 480 150 290 372 72 512 288 362 12 200 540 360 2 158 324 552 3 160 330 576
cell 0 1 0 1 1 0 25 25
0 152 300 432 480 150 290 372 72 512 288 362 12 200 540 365 23 238 714 553 20 230 684 409 244
cell 0 1 0 2 0 0 30 30
0 152 300 432 480 150 290 372 72 512 293 383 117 712 541 381 107 670 325 557 103 658 277 196 500 655 267 136 92 590
cell 0 1 1 0 1 0 24 24
0 152 300 432 480 1 154 306 456 4 164 348 672 361 162 338 612 49 394 336 602 7 178 426
cell 0 1 1 1 0 0 24 24
0 152 300 432 480 1 154 306 456 2 158 324 552 360 156 314 492 48 392 312 482 6 176 420
cell 0 1 2 0 0 0 20 20
0 152 300 432 480 150 290 372 72 512 288 362 12 200 540 360 2 158 324 552
cell 0 2 0 0 0 1 53 53
0 152 300 432 480 150 290 372 72 512 288 362 12 200 540 360 2 158 324 552 144 248 60 440 510 246 50 398 198 530 48 392 156 314 492 390 146 254 558 384 122 38 326 386 132 80 542 294 134 86 566 414 266
cell 0 2 0 0 1 0 33 33
0 152 300 432 480 150 290 372 72 512 288 362 12 200 540 360 2 158 554 366 26 278 204 368 36 320 516 168 38 326 558 384 122
cell 0 2 0 1 0 0 38 38
0 152 300 432 480 150 290 372 72 512 288 362 12 200 540 365 23 238 714 553 20 230 684 241 10 188 468 648 7 178 426 336 602 175 412 258 98 638
cell 0 2 1 0 0 0 33 33
0 152 300 432 480 150 290 372 72 512 288 362 12 200 540 360 2 158 554 366 26 278 204 368 36 320 516 168 38 326 558 384 122
cell 0 3 0 0 0 0 33 33
0 152 300 432 480 150 290 372 72 512 288 362 12 200 540 360 2 158 554 366 26 278 204 368 36 320 516 168 38 326 558 384 122
cell 1 0 0 0 0 2 75 75
0 152 300 432 480 150 290 372 72 512 288 362 12 200 540 360 2 158 324 552 144 248 60 440 510 246 50 398 198 530 48 392 156 314 492 390 146 254 84 560 240 8 182 444 528 6 176 420 312 482 174 410 252 74 518 408 242 14 566 414 266 134 86 416 276 194 494 54 278 204 554 366 26 206 564
cell 1 0 0 0 2 0 35 35
0 152 300 432 480 150 290 372 72 512 288 362 12 200 540 360 2 158 554 366 26 278 204 368 36 320 516 168 38 326 558 384 122 324 552
cell 1 0 0 1 1 0 40 40
0 152 300 432 480 150 290 372 72 512 288 362 12 200 540 365 23 238 714 553 20 230 684 241 10 188 468 648 7 178 426 336 602 175 412 258 98 638 409 244
cell 1 0 0 2 0 0 45 45
0 152 300 432 480 150 290 372 72 512 293 383 117 712 541 381 107 670 325 557 103 658 193 490 43 346 642 487 29 286 234 698 27 280 210 578 607 277 196 500 655 267 136 92 590
cell 1 0 1 0 1 0 35 35
0 152 300 432 480 150 290 372 72 512 288 362 12 200 540 360 2 158 554 366 26 278 204 368 36 320 516 168 38 326 558 384 122 324 552
cell 1 0 1 1 0 0 35 35
0 152 300 432 480 155 311 477 705 513 309 467 645 201 545 465 635 159 575 471 659 279 209 473 669 321 521 189 671 327 563 405 227 329 573
cell 1 0 2 0 0 0 35 35
0 152 300 432 480 150 290 372 72 512 288 362 12 200 540 360 2 158 554 366 26 278 204 368 36 320 516 168 38 326 558 384 122 324 552
cell 1 1 0 0 0 1 55 55
0 152 300 432 480 150 290 372 72 512 288 362 12 200 540 360 2 158 324 552 144 248 60 440 510 246 50 398 198 530 48 392 156 314 492 390 146 254 558 384 122 38 326 386 132 80 542 294 134 86 566 414 266 84 560
cell 1 1 0 0 1 0 35 35
0 152 300 432 480 150 290 372 72 512 288 362 12 200 540 360 2 158 554 366 26 278 204 368 36 320 516 168 38 326 558 384 122 324 552
cell 1 1 0 1 0 0 35 35
0 152 300 432 480 155 311 477 705 513 309 467 645 201 545 465 635 159 575 471 659 279 209 473 669 321 521 189 671 327 563 405 227 329 573
cell 1 1 1 0 0 0 35 35
0 152 300 432 480 150 290 372 72 512 288 362 12 200 540 360 2 158 554 366 26 278 204 368 36 320 516 168 38 326 558 384 122 324 552
cell 1 2 0 0 0 0 48 48
0 152 300 432 480 150 290 372 72 512 288 362 12 200 540 360 2 158 554 366 26 278 204 368 36 320 516 168 38 326 558 120 32 302 438 504 30 296 396 192 488 294 386 132 80 542 384 122
cell 2 0 0 0 0 1 70 70
0 152 300 432 480 150 290 372 72 512 288 362 12 200 540 360 2 158 324 552 144 248 60 440 510 246 50 398 198 530 48 392 156 314 492 390 146 254 558 384 122 38 326 386 132 80 542 294 134 86 566 264 128 62 446 534 126 56 422 318 506 54 416 276 194 494 414 266 84 560
cell 2 0 0 0 1 0 50 50
0 152 300 432 480 150 290 372 72 512 288 362 12 200 540 360 2 158 554 366 26 278 204 368 36 320 516 168 38 326 558 120 32 302 438 504 30 296 396 192 488 294 386 132 80 542 384 122 324 552
cell 2 0 0 1 0 0 50 50
0 152 300 432 480 155 311 477 705 513 309 467 645 201 545 465 635 159 575 471 659 279 209 473 669 321 521 189 671 327 407 237 713 543 299 239 719 567 419 287 717 561 395 167 359 563 405 227 329 573
cell 2 0 1 0 0 0 50 50
0 152 300 432 480 150 290 372 72 512 288 362 12 200 540 360 2 158 554 366 26 278 204 368 36 320 516 168 38 326 558 120 32 302 438 504 30 296 396 192 488 294 386 132 80 542 384 122 324 552
cell 2 1 0 0 0 0 50 50
0 152 300 432 480 150 290 372 72 512 288 362 12 200 540 360 2 158 554 366 26 278 204 368 36 320 516 168 38 326 558 120 32 302 438 504 30 296 396 192 488 294 386 132 80 542 384 122 324 552
cell 3 0 0 0 0 0 65 65
0 152 300 432 480 150 290 372 72 512 288 362 12 200 540 360 2 158 554 366 26 278 204 368 36 320 516 168 38 326 558 120 32 302 438 504 30 296 396 192 488 294 386 78 536 270 170 374 534 264 128 62 446 266 134 86 566 414 132 80 542 384 122 324 552
cell 0 0 0 0 0 4 90 90
0 152 300 432 480 150 290 372 72 512 288 362 12 200 540 360 2 158 324 552 144 248 60 440 510 246 50 398 198 530 48 392 156 314 492 390 146 254 84 560 240 8 182 444 528 6 176 420 312 482 414 266 134 86 566 264 128 62 446 534 126 56 422 318 506 54 416 276 194 494 270 170 374 78 536 168 368 36 320 516 366 26 278 204 554 24 272 180 434 486
cell 0 0 1 0 1 2 60 60
0 152 300 432 480 150 290 372 72 512 288 362 12 200 540 360 2 158 324 552 144 248 60 440 510 246 50 398 198 530 48 392 156 314 492 390 146 254 84 560 240 8 182 444 528 6 176 420 312 482 174 410 252 74 518 408 242 14 206 564
cell 0 0 1 1 0 2 60 60
0 152 300 432 480 150 290 372 72 512 293 383 117 712 541 381 107 670 325 557 650 247 52 404 222 250 66 464 630 145 68 470 654 265 130 468 648 241 10 188 260 108 680 391 148 110 686 415 268 140 684 409 244 20 230 412 258 98 638 175
cell 0 0 2 0 0 2 60 60
0 152 300 432 480 150 290 372 72 512 288 362 12 200 540 360 2 158 324 552 144 248 60 440 510 246 50 398 198 530 48 392 156 314 492 390 146 254 84 560 240 8 182 444 528 6 176 420 312 482 174 410 252 74 518 408 242 14 206 564
cell 0 0 2 0 2 0 20 20
0 152 300 432 480 150 290 372 72 512 288 362 12 200 540 360 2 158 324 552
cell 0 0 2 1 1 0 25 25
0 152 300 432 480 150 290 372 72 512 288 362 12 200 540 365 23 238 714 553 20 230 684 409 244
cell 0 0 2 2 0 0 30 30
0 152 300 432 480 150 290 372 72 512 293 383 117 712 541 381 107 670 325 557 103 658 277 196 500 655 267 136 92 590
cell 0 0 3 0 1 0 20 20
0 152 300 432 480 150 290 372 72 512 288 362 12 200 540 360 2 158 324 552
cell 0 0 3 1 0 0 20 20
0 152 300 432 480 155 311 477 705 513 309 467 645 201 545 465 635 159 329 573
cell 0 0 4 0 0 0 20 20
0 152 300 432 480 150 290 372 72 512 288 362 12 200 540 360 2 158 324 552
cell 0 1 0 0 0 3 74 74
0 152 300 432 480 150 290 372 72 512 288 362 12 200 540 360 2 158 324 552 144 248 60 440 510 246 50 398 198 530 48 392 156 314 492 390 146 254 84 560 240 8 182 444 528 6 176 420 312 482 174 410 252 74 414 266 134 86 566 264 128 62 446 534 126 56 422 318 506 54 416 276 194 494
cell 0 1 0 0 2 1 44 44
0 152 300 432 480 150 290 372 72 512 288 362 12 200 540 360 2 158 324 552 144 248 60 440 510 246 50 398 198 530 48 392 156 314 53 406 235 700 493 403 221 622 85 562
cell 0 1 0 1 1 1 45 45
0 152 300 432 480 150 290 372 72 512 288 362 12 200 540 365 23 238 714 553 20 230 684 409 244 678 385 124 44 350 388 138 104 662 295 140 110 686 415 268 108 680 391 148 260
cell 0 1 0 2 0 1 50 50
0 152 300 432 480 150 290 372 72 512 293 383 117 712 541 381 107 670 325 557 103 658 277 196 500 655 267 136 92 590 124 44 350 678 385 42 344 636 169 370 342 626 127 58 428 624 121 34 308 462
cell 0 1 1 0 1 1 40 40
0 152 300 432 480 150 290 372 72 512 288 362 12 200 540 360 2 158 324 552 144 248 60 440 510 246 50 398 198 530 48 392 156 314 492 390 146 254 84 560
cell 0 1 1 0 2 0 24 24
0 152 300 432 480 1 154 306 456 4 164 348 672 361 162 338 612 49 394 336 602 7 178 426
cell 0 1 1 1 0 1 40 40
0 152 300 432 480 150 290 372 72 512 293 383 117 712 541 381 107 670 325 557 650 247 52 404 222 250 66 464 630 145 68 470 654 265 130 468 648 241 10 188
cell 0 1 1 1 1 0 25 25
0 152 300 432 480 150 290 372 72 512 288 362 12 200 540 365 23 238 714 553 20 230 684 409 244
cell 0 1 1 2 0 0 30 30
0 152 300 432 480 150 290 372 72 512 293 383 117 712 541 381 107 670 325 557 103 658 277 196 500 655 267 136 92 590
cell 0 1 2 0 0 1 40 40
0 152 300 432 480 150 290 372 72 512 288 362 12 200 540 360 2 158 324 552 144 248 60 440 510 246 50 398 198 530 48 392 156 314 492 390 146 254 84 560
cell 0 1 2 0 1 0 24 24
0 152 300 432 480 1 154 306 456 4 164 348 672 361 162 338 612 49 394 336 602 7 178 426
cell 0 1 2 1 0 0 24 24
0 152 300 432 480 1 154 306 456 2 158 324 552 360 156 314 492 48 392 312 482 6 176 420
cell 0 1 3 0 0 0 20 20
0 152 300 432 480 150 290 372 72 512 288 362 12 200 540 360 2 158 324 552
cell 0 2 0 0 0 2 73 73
0 152 300 432 480 150 290 372 72 512 288 362 12 200 540 360 2 158 324 552 144 248 60 440 510 246 50 398 198 530 48 392 156 314 492 390 146 254 84 560 240 8 182 444 528 6 176 420 312 482 174 410 252 74 518 408 242 14 566 414 266 134 86 416 276 194 494 54 278 204 554 366 26
cell 0 2 0 0 2 0 38 38
0 152 300 432 480 150 290 372 72 512 288 362 12 200 540 360 2 158 554 366 26 278 204 368 36 320 516 168 38 326 558 384 122 327 563 405 227 671
cell 0 2 0 1 1 0 38 38
0 152 300 432 480 150 290 372 72 512 293 383 117 712 541 381 107 670 325 557 104 662 295 140 110 686 415 268 108 680 391 148 260 678 385 124 44 350
cell 0 2 0 2 0 0 43 43
0 152 300 432 480 150 290 372 72 512 293 383 117 712 541 381 107 670 325 557 103 658 277 196 500 654 265 130 468 648 241 10 188 650 247 52 404 222 250 66 464 630 145
cell 0 2 1 0 1 0 33 33
0 152 300 432 480 150 290 372 72 512 288 362 12 200 540 289 364 18 662 295 388 138 104 298 402 216 608 31 404 222 650 247 52
cell 0 2 1 1 0 0 38 38
0 152 300 432 480 150 290 372 72 512 293 383 117 712 541 381 107 670 325 557 380 102 656 169 370 42 344 636 367 28 284 228 674 25 274 186 458 606
cell 0 2 2 0 0 0 33 33
0 152 300 432 480 150 290 372 72 512 288 362 12 200 540 360 2 158 554 366 26 278 204 368 36 320 516 168 38 326 558 384 122
cell 0 3 0 0 0 1 53 53
0 152 300 432 480 150 290 372 72 512 288 362 12 200 540 360 2 158 324 552 144 248 60 440 510 246 50 398 198 530 48 392 156 314 492 390 146 254 558 384 122 38 326 386 132 80 542 294 134 86 566 414 266
cell 0 3 0 0 1 0 37 37
0 152 300 432 480 150 290 372 72 512 288 362 12 200 540 360 2 158 324 552 3 160 578 607 27 280 210 610 37 322 522 217 40 332 582 625 123
cell 0 3 0 1 0 0 38 38
0 152 300 432 480 150 290 372 72 512 288 362 12 200 540 365 23 238 714 553 20 230 684 241 10 188 468 648 7 178 426 336 602 175 412 258 98 638
cell 0 3 1 0 0 0 33 33
0 152 300 432 480 150 290 372 72 512 288 362 12 200 540 360 2 158 554 366 26 278 204 368 36 320 516 168 38 326 558 384 122
cell 0 4 0 0 0 0 46 46
0 152 300 432 480 150 290 372 72 512 288 362 12 200 540 360 2 158 554 366 26 278 204 368 36 320 516 168 38 326 558 120 32 302 438 504 30 296 396 192 488 294 386 132 80 542
cell 1 0 0 0 0 3 85 85
0 152 300 432 480 150 290 372 72 512 288 362 12 200 540 360 2 158 324 552 144 248 60 440 510 246 50 398 198 530 48 392 156 314 492 390 146 254 84 560 240 8 182 444 528 6 176 420 312 482 414 266 134 86 566 264 128 62 446 534 126 56 422 318 506 54 416 192 488 30 296 396 486 24 272 180 434 26 278 204 554 366 276 194 494
cell 1 0 1 0 1 1 55 55
0 152 300 432 480 150 290 372 72 512 288 362 12 200 540 360 2 158 324 552 144 248 60 440 510 246 50 398 198 530 48 392 156 314 492 390 146 254 558 384 122 38 326 386 132 80 542 294 134 86 566 414 266 84 560
cell 1 0 1 0 2 0 35 35
0 152 300 432 480 150 290 372 72 512 288 362 12 200 540 360 2 158 554 366 26 278 204 368 36 320 516 168 38 326 558 384 122 324 552
cell 1 0 1 1 0 1 55 55
0 152 300 432 480 150 290 372 72 512 293 383 117 712 541 381 107 670 325 557 650 247 52 404 222 250 66 464 630 145 68 470 654 265 130 468 648 7 178 426 336 602 175 412 258 98 638 409 244 20 230 684 241 10 188
cell 1 0 1 1 1 0 40 40
0 152 300 432 480 150 290 372 72 512 288 362 12 200 540 365 23 238 714 553 20 230 684 241 10 188 468 648 7 178 426 336 602 175 412 258 98 638 409 244
cell 1 0 1 2 0 0 45 45
0 152 300 432 480 150 290 372 72 512 293 383 117 712 541 381 107 670 325 557 103 658 193 490 43 346 642 487 29 286 234 698 27 280 210 578 607 277 196 500 655 267 136 92 590
cell 1 0 2 0 0 1 55 55
0 152 300 432 480 150 290 372 72 512 288 362 12 200 540 360 2 158 324 552 144 248 60 440 510 246 50 398 198 530 48 392 156 314 492 390 146 254 558 384 122 38 326 386 132 80 542 294 134 86 566 414 266 84 560
cell 1 0 2 0 1 0 35 35
0 152 300 432 480 150 290 372 72 512 288 362 12 200 540 360 2 158 554 366 26 278 204 368 36 320 516 168 38 326 558 384 122 324 552
cell 1 0 2 1 0 0 35 35
0 152 300 432 480 155 311 477 705 513 309 467 645 201 545 465 635 159 575 471 659 279 209 473 669 321 521 189 671 327 563 405 227 329 573
cell 1 0 3 0 0 0 35 35
0 152 300 432 480 150 290 372 72 512 288 362 12 200 540 360 2 158 554 366 26 278 204 368 36 320 516 168 38 326 558 384 122 324 552
cell 1 1 0 0 0 2 75 75
0 152 300 432 480 150 290 372 72 512 288 362 12 200 540 360 2 158 324 552 144 248 60 440 510 246 50 398 198 530 48 392 156 314 492 390 146 254 84 560 240 8 182 444 528 6 176 420 312 482 174 410 252 74 518 408 242 14 566 414 266 134 86 416 276 194 494 54 278 204 554 366 26 206 564
cell 1 1 0 0 2 0 39 39
0 152 300 432 480 150 290 372 72 512 288 362 12 200 540 360 2 158 324 552 3 160 578 607 27 280 210 610 37 322 522 217 40 332 582 625 123 330 576
cell 1 1 0 1 1 0 40 40
0 152 300 432 480 150 290 372 72 512 288 362 12 200 540 365 23 238 714 553 20 230 684 241 10 188 468 648 7 178 426 336 602 175 412 258 98 638 409 244
cell 1 1 0 2 0 0 45 45
0 152 300 432 480 150 290 372 72 512 293 383 117 712 541 381 107 670 325 557 103 658 193 490 43 346 642 487 29 286 234 698 27 280 210 578 607 277 196 500 655 267 136 92 590
cell 1 1 1 0 1 0 39 39
0 152 300 432 480 1 154 306 456 4 164 348 672 361 162 338 612 49 394 336 602 7 428 342 626 127 58 344 636 169 370 42 638 175 412 258 98 178 426
cell 1 1 1 1 0 0 39 39
0 152 300 432 480 1 154 306 456 2 158 324 552 360 156 314 492 48 392 312 482 6 422 318 506 126 56 320 516 168 368 36 518 174 410 252 74 176 420
cell 1 1 2 0 0 0 35 35
0 152 300 432 480 150 290 372 72 512 288 362 12 200 540 360 2 158 554 366 26 278 204 368 36 320 516 168 38 326 558 384 122 324 552
cell 1 2 0 0 0 1 68 68
0 152 300 432 480 150 290 372 72 512 288 362 12 200 540 360 2 158 324 552 144 248 60 440 510 246 50 398 198 530 48 392 156 314 492 390 146 254 558 384 122 38 326 386 132 80 542 294 134 86 566 264 128 62 446 534 126 56 422 318 506 54 416 276 194 494 414 266
cell 1 2 0 0 1 0 48 48
0 152 300 432 480 150 290 372 72 512 288 362 12 200 540 360 2 158 554 366 26 278 204 368 36 320 516 168 38 326 558 120 32 302 438 504 30 296 396 192 488 294 386 132 80 542 384 122
cell 1 2 0 1 0 0 53 53
0 152 300 432 480 150 290 372 72 512 288 362 12 200 540 365 23 238 714 553 20 230 684 241 10 188 468 648 7 178 338 612 49 394 162 614 55 418 282 218 58 428 342 626 127 426 336 602 175 412 258 98 638
cell 1 2 1 0 0 0 48 48
0 152 300 432 480 150 290 372 72 512 288 362 12 200 540 360 2 158 554 366 26 278 204 368 36 320 516 168 38 326 558 120 32 302 438 504 30 296 396 192 488 294 386 132 80 542 384 122
cell 1 3 0 0 0 0 48 48
0 152 300 432 480 150 290 372 72 512 288 362 12 200 540 360 2 158 554 366 26 278 204 368 36 320 516 168 38 326 558 120 32 302 438 504 30 296 396 192 488 294 386 132 80 542 384 122
cell 2 0 0 0 0 2 90 90
0 152 300 432 480 150 290 372 72 512 288 362 12 200 540 360 2 158 324 552 144 248 60 440 510 246 50 398 198 530 48 392 156 314 492 390 146 254 84 560 240 8 182 444 528 6 176 420 312 482 174 410 252 74 518 408 242 14 566 414 266 134 86 416 276 194 494 54 278 204 554 24 272 180 434 486 270 170 374 78 536 168 368 36 320 516 366 26 206 564
cell 2 0 1 0 1 0 50 50
0 152 300 432 480 150 290 372 72 512 288 362 12 200 540 360 2 158 554 366 26 278 204 368 36 320 516 168 38 326 558 120 32 302 438 504 30 296 396 192 488 294 386 132 80 542 384 122 324 552
cell 2 0 1 1 0 0 50 50
0 152 300 432 480 155 311 477 705 513 309 467 645 201 545 465 635 159 575 471 659 279 209 473 669 321 521 189 671 327 407 237 713 543 299 239 719 567 419 287 717 561 395 167 359 563 405 227 329 573
cell 2 0 2 0 0 0 50 50
0 152 300 432 480 150 290 372 72 512 288 362 12 200 540 360 2 158 554 366 26 278 204 368 36 320 516 168 38 326 558 120 32 302 438 504 30 296 396 192 488 294 386 132 80 542 384 122 324 552
cell 2 1 0 0 0 1 70 70
0 152 300 432 480 150 290 372 72 512 288 362 12 200 540 360 2 158 324 552 144 248 60 440 510 246 50 398 198 530 48 392 156 314 492 390 146 254 558 384 122 38 326 386 132 80 542 294 134 86 566 264 128 62 446 534 126 56 422 318 506 54 416 276 194 494 414 266 84 560
cell 2 1 0 0 1 0 50 50
0 152 300 432 480 150 290 372 72 512 288 362 12 200 540 360 2 158 554 366 26 278 204 368 36 320 516 168 38 326 558 120 32 302 438 504 30 296 396 192 488 294 386 132 80 542 384 122 324 552
cell 2 1 0 1 0 0 50 50
0 152 300 432 480 155 311 477 705 513 309 467 645 201 545 465 635 159 575 471 659 279 209 473 669 321 521 189 671 327 407 237 713 543 299 239 719 567 419 287 717 561 395 167 359 563 405 227 329 573
cell 2 1 1 0 0 0 50 50
0 152 300 432 480 150 290 372 72 512 288 362 12 200 540 360 2 158 554 366 26 278 204 368 36 320 516 168 38 326 558 120 32 302 438 504 30 296 396 192 488 294 386 132 80 542 384 122 324 552
cell 2 2 0 0 0 0 63 63
0 152 300 432 480 150 290 372 72 512 288 362 12 200 540 360 2 158 554 366 26 278 204 368 36 320 516 168 38 326 558 120 32 302 438 504 30 296 396 192 488 294 386 78 536 270 170 374 534 264 128 62 446 266 134 86 566 414 132 80 542 384 122
cell 3 0 0 0 0 1 85 85
0 152 300 432 480 150 290 372 72 512 288 362 12 200 540 360 2 158 324 552 144 248 60 440 510 246 50 398 198 530 48 392 156 314 492 390 146 254 558 384 122 38 326 386 132 80 542 294 134 86 566 264 128 62 446 534 126 56 422 318 506 54 416 192 488 30 296 396 486 24 272 180 434 26 278 204 554 366 276 194 494 414 266 84 560
cell 3 0 1 0 0 0 65 65
0 152 300 432 480 150 290 372 72 512 288 362 12 200 540 360 2 158 554 366 26 278 204 368 36 320 516 168 38 326 558 120 32 302 438 504 30 296 396 192 488 294 386 78 536 270 170 374 534 264 128 62 446 266 134 86 566 414 132 80 542 384 122 324 552
cell 3 1 0 0 0 0 65 65
0 152 300 432 480 150 290 372 72 512 288 362 12 200 540 360 2 158 554 366 26 278 204 368 36 320 516 168 38 326 558 120 32 302 438 504 30 296 396 192 488 294 386 78 536 270 170 374 534 264 128 62 446 266 134 86 566 414 132 80 542 384 122 324 552
cell 0 0 2 0 0 3 70 70
0 152 300 432 480 150 290 372 72 512 288 362 12 200 540 360 2 158 324 552 144 248 60 440 510 246 50 398 198 530 48 392 156 314 492 390 146 254 84 560 240 8 182 444 528 6 176 420 312 482 414 266 134 86 566 264 128 62 446 534 126 56 422 318 506 54 416 276 194 494
cell 0 0 2 0 2 1 40 40
0 152 300 432 480 150 290 372 72 512 288 362 12 200 540 360 2 158 324 552 144 248 60 440 510 246 50 398 198 530 48 392 156 314 492 390 146 254 84 560
cell 0 0 2 1 1 1 45 45
0 152 300 432 480 150 290 372 72 512 288 362 12 200 540 365 23 238 714 553 20 230 684 409 244 678 385 124 44 350 388 138 104 662 295 140 110 686 415 268 108 680 391 148 260
cell 0 0 2 2 0 1 50 50
0 152 300 432 480 150 290 372 72 512 293 383 117 712 541 381 107 670 325 557 103 658 277 196 500 655 267 136 92 590 124 44 350 678 385 42 344 636 169 370 342 626 127 58 428 624 121 34 308 462
cell 0 0 3 0 1 1 40 40
0 152 300 432 480 150 290 372 72 512 288 362 12 200 540 360 2 158 324 552 144 248 60 440 510 246 50 398 198 530 48 392 156 314 492 390 146 254 84 560
cell 0 0 3 0 2 0 20 20
0 152 300 432 480 150 290 372 72 512 288 362 12 200 540 360 2 158 324 552
cell 0 0 3 1 0 1 40 40
0 152 300 432 480 150 290 372 72 512 293 383 117 712 541 381 107 670 325 557 650 247 52 404 222 250 66 464 630 145 68 470 654 265 130 468 648 241 10 188
cell 0 0 3 1 1 0 25 25
0 152 300 432 480 150 290 372 72 512 288 362 12 200 540 365 23 238 714 553 20 230 684 409 244
cell 0 0 3 2 0 0 30 30
0 152 300 432 480 150 290 372 72 512 293 383 117 712 541 381 107 670 325 557 103 658 277 196 500 655 267 136 92 590
cell 0 0 4 0 0 1 40 40
0 152 300 432 480 150 290 372 72 512 288 362 12 200 540 360 2 158 324 552 144 248 60 440 510 246 50 398 198 530 48 392 156 314 492 390 146 254 84 560
cell 0 0 4 0 1 0 20 20
0 152 300 432 480 150 290 372 72 512 288 362 12 200 540 360 2 158 324 552
cell 0 0 4 1 0 0 20 20
0 152 300 432 480 155 311 477 705 513 309 467 645 201 545 465 635 159 329 573
cell 0 0 5 0 0 0 20 20
0 152 300 432 480 150 290 372 72 512 288 362 12 200 540 360 2 158 324 552
cell 0 1 1 0 1 2 60 60
0 152 300 432 480 150 290 372 72 512 288 362 12 200 540 360 2 158 324 552 144 248 60 440 510 246 50 398 198 530 48 392 156 314 492 390 146 254 84 560 240 8 182 444 528 6 176 420 312 482 174 410 252 74 518 408 242 14 206 564
cell 0 1 1 1 0 2 60 60
0 152 300 432 480 150 290 372 72 512 293 383 117 712 541 381 107 670 325 557 650 247 52 404 222 250 66 464 630 145 68 470 654 265 130 468 648 241 10 188 260 108 680 391 148 110 686 415 268 140 684 409 244 20 230 412 258 98 638 175
cell 0 1 2 0 0 2 60 60
0 152 300 432 480 150 290 372 72 512 288 362 12 200 540 360 2 158 324 552 144 248 60 440 510 246 50 398 198 530 48 392 156 314 492 390 146 254 84 560 240 8 182 444 528 6 176 420 312 482 174 410 252 74 518 408 242 14 206 564
cell 0 1 2 0 2 0 24 24
0 152 300 432 480 1 154 306 456 4 164 348 672 361 162 338 612 49 394 336 602 7 178 426
cell 0 1 2 1 1 0 25 25
0 152 300 432 480 150 290 372 72 512 288 362 12 200 540 365 23 238 714 553 20 230 684 409 244
cell 0 1 2 2 0 0 30 30
0 152 300 432 480 150 290 372 72 512 293 383 117 712 541 381 107 670 325 557 103 658 277 196 500 655 267 136 92 590
cell 0 1 3 0 1 0 24 24
0 152 300 432 480 1 154 306 456 4 164 348 672 361 162 338 612 49 394 336 602 7 178 426
cell 0 1 3 1 0 0 24 24
0 152 300 432 480 1 154 306 456 2 158 324 552 360 156 314 492 48 392 312 482 6 176 420
cell 0 1 4 0 0 0 20 20
0 152 300 432 480 150 290 372 72 512 288 362 12 200 540 360 2 158 324 552
cell 0 2 0 0 0 3 83 83
0 152 300 432 480 150 290 372 72 512 288 362 12 200 540 360 2 158 324 552 144 248 60 440 510 246 50 398 198 530 48 392 156 314 492 390 146 254 84 560 240 8 182 444 528 6 176 420 312 482 174 410 252 74 518 408 242 14 566 414 266 134 86 416 276 194 494 54 278 204 554 366 26 558 384 122 38 326 386 132 80 542 294
cell 0 2 0 0 2 1 58 58
0 152 300 432 480 150 290 372 72 512 288 362 12 200 540 360 2 158 324 552 144 248 60 440 510 246 50 398 198 530 48 392 156 314 492 390 146 254 558 384 122 38 326 386 132 80 542 294 134 86 566 414 266 87 568 427 341 623
cell 0 2 0 1 1 1 58 58
0 152 300 432 480 150 290 372 72 512 293 383 117 712 541 381 107 670 325 557 104 662 295 140 110 686 415 268 108 680 391 148 260 678 385 124 44 350 130 68 470 654 265 66 464 630 145 250 462 624 121 34 308 626 127 58 428 342
cell 0 2 0 2 0 1 58 58
0 152 300 432 480 150 290 372 72 512 293 383 117 712 541 379 101 646 205 556 98 638 175 260 108 680 391 148 110 686 415 268 140 684 409 244 20 230 250 66 464 630 145 68 470 654 265 130 468 648 241 10 188 650 247 52 404 222
cell 0 2 1 0 1 1 53 53
0 152 300 432 480 150 290 372 72 512 288 362 12 200 540 289 364 18 662 295 388 138 104 298 402 216 608 31 404 222 650 247 52 656 271 172 380 102 274 186 458 606 25 188 468 648 241 10 470 654 265 130 68
cell 0 2 1 0 2 0 38 38
0 152 300 432 480 150 290 372 72 512 288 362 12 200 540 360 2 158 324 552 361 4 164 674 367 28 284 228 370 42 344 636 169 44 350 678 385 124
cell 0 2 1 1 0 1 58 58
0 152 300 432 480 150 290 372 72 512 293 383 117 712 541 381 107 670 325 557 380 102 656 169 370 42 344 636 367 28 284 228 674 25 274 186 458 606 174 410 252 74 518 408 242 14 206 564 240 8 182 444 528 6 176 420 312 482
cell 0 2 1 1 1 0 38 38
0 152 300 432 480 155 311 477 705 513 309 467 645 201 545 465 635 159 329 573 464 630 145 68 470 654 265 130 468 648 241 10 188 650 247 52 404 222
cell 0 2 1 2 0 0 48 48
0 152 300 432 480 150 290 372 72 512 293 383 117 712 541 381 107 670 325 557 103 658 277 196 500 655 267 136 92 590 654 265 130 468 648 241 10 188 650 247 52 404 222 250 66 464 630 145
cell 0 2 2 0 0 1 53 53
0 152 300 432 480 150 290 372 72 512 288 362 12 200 540 360 2 158 324 552 144 248 60 440 510 246 50 398 198 530 48 392 156 314 492 390 146 254 558 384 122 38 326 386 132 80 542 294 134 86 566 414 266
cell 0 2 2 0 1 0 33 33
0 152 300 432 480 150 290 372 72 512 288 362 12 200 540 289 364 18 662 295 388 138 104 298 402 216 608 31 404 222 650 247 52
cell 0 2 2 1 0 0 38 38
0 152 300 432 480 150 290 372 72 512 293 383 117 712 541 381 107 670 325 557 380 102 656 169 370 42 344 636 367 28 284 228 674 25 274 186 458 606
cell 0 2 3 0 0 0 33 33
0 152 300 432 480 150 290 372 72 512 288 362 12 200 540 360 2 158 554 366 26 278 204 368 36 320 516 168 38 326 558 384 122
cell 0 3 0 0 0 2 73 73
0 152 300 432 480 150 290 372 72 512 288 362 12 200 540 360 2 158 324 552 144 248 60 440 510 246 50 398 198 530 48 392 156 314 492 390 146 254 84 560 240 8 182 444 528 6 176 420 312 482 174 410 252 74 518 408 242 14 566 414 266 134 86 416 276 194 494 54 278 204 554 366 26
cell 0 3 0 0 2 0 42 42
0 152 300 432 480 150 290 372 72 512 288 362 12 200 540 360 2 158 324 365 23 238 714 553 20 230 684 241 10 188 468 648 7 178 426 336 602 175 412 258 98 638
cell 0 3 0 1 1 0 42 42
0 152 300 432 480 150 290 372 72 512 288 362 12 200 540 365 23 238 714 553 20 230 684 409 244 228 674 25 274 186 458 606 271 172 380 102 656 169 370 42 344 636
cell 0 3 0 2 0 0 47 47
0 152 300 432 480 150 290 372 72 512 293 383 117 712 541 381 107 670 325 557 103 658 277 196 500 655 267 136 92 590 265 130 468 648 241 10 188 650 247 52 404 222 250 66 464 630 145
cell 0 3 1 0 1 0 37 37
0 152 300 432 480 1 154 306 456 4 164 348 672 361 162 338 612 49 394 336 602 7 428 342 626 127 58 344 636 169 370 42 638 175 412 258 98
cell 0 3 1 1 0 0 38 38
0 152 300 432 480 150 290 372 72 512 293 383 117 712 541 381 107 670 325 557 380 102 656 169 370 42 344 636 367 28 284 228 674 25 274 186 458 606
cell 0 3 2 0 0 0 33 33
0 152 300 432 480 150 290 372 72 512 288 362 12 200 540 360 2 158 554 366 26 278 204 368 36 320 516 168 38 326 558 384 122
cell 0 4 0 0 0 1 66 66
0 152 300 432 480 150 290 372 72 512 288 362 12 200 540 360 2 158 324 552 144 248 60 440 510 246 50 398 198 530 48 392 156 314 492 390 146 254 558 384 122 38 326 386 132 80 542 294 134 86 566 264 128 62 446 534 126 56 422 318 506 54 416 276 194 494
cell 0 4 0 0 1 0 46 46
0 152 300 432 480 150 290 372 72 512 288 362 12 200 540 360 2 158 554 366 26 278 204 368 36 320 516 168 38 326 558 120 32 302 438 504 30 296 396 192 488 294 386 132 80 542
cell 0 4 0 1 0 0 51 51
0 152 300 432 480 150 290 372 72 512 288 362 12 200 540 360 2 158 554 366 26 278 204 368 36 320 516 168 40 332 582 625 123 331 581 615 421 317 503 111 688 315 497 69 472 667 495 59 430 355 701
cell 0 4 1 0 0 0 46 46
0 152 300 432 480 150 290 372 72 512 288 362 12 200 540 360 2 158 554 366 26 278 204 368 36 320 516 168 38 326 558 120 32 302 438 504 30 296 396 192 488 294 386 132 80 542
cell 0 5 0 0 0 0 46 46
0 152 300 432 480 150 290 372 72 512 288 362 12 200 540 360 2 158 554 366 26 278 204 368 36 320 516 168 38 326 558 120 32 302 438 504 30 296 396 192 488 294 386 132 80 542
cell 1 0 2 0 0 2 75 75
0 152 300 432 480 150 290 372 72 512 288 362 12 200 540 360 2 158 324 552 144 248 60 440 510 246 50 398 198 530 48 392 156 314 492 390 146 254 84 560 240 8 182 444 528 6 176 420 312 482 174 410 252 74 518 408 242 14 566 414 266 134 86 416 276 194 494 54 278 204 554 366 26 206 564
cell 1 0 2 0 2 0 35 35
0 152 300 432 480 150 290 372 72 512 288 362 12 200 540 360 2 158 554 366 26 278 204 368 36 320 516 168 38 326 558 384 122 324 552
cell 1 0 2 1 1 0 40 40
0 152 300 432 480 150 290 372 72 512 288 362 12 200 540 365 23 238 714 553 20 230 684 241 10 188 468 648 7 178 426 336 602 175 412 258 98 638 409 244
cell 1 0 2 2 0 0 45 45
0 152 300 432 480 150 290 372 72 512 293 383 117 712 541 381 107 670 325 557 103 658 193 490 43 346 642 487 29 286 234 698 27 280 210 578 607 277 196 500 655 267 136 92 590
cell 1 0 3 0 1 0 35 35
0 152 300 432 480 150 290 372 72 512 288 362 12 200 540 360 2 158 554 366 26 278 204 368 36 320 516 168 38 326 558 384 122 324 552
cell 1 0 3 1 0 0 35 35
0 152 300 432 480 155 311 477 705 513 309 467 645 201 545 465 635 159 575 471 659 279 209 473 669 321 521 189 671 327 563 405 227 329 573
cell 1 0 4 0 0 0 35 35
0 152 300 432 480 150 290 372 72 512 288 362 12 200 540 360 2 158 554 366 26 278 204 368 36 320 516 168 38 326 558 384 122 324 552
cell 1 1 1 0 1 1 55 55
0 152 300 432 480 150 290 372 72 512 288 362 12 200 540 360 2 158 324 552 144 248 60 440 510 246 50 398 198 530 48 392 156 314 492 390 146 254 558 384 122 38 326 386 132 80 542 294 134 86 566 414 266 84 560
cell 1 1 1 0 2 0 39 39
0 152 300 432 480 1 154 306 456 4 164 348 672 361 162 338 612 49 394 336 602 7 428 342 626 127 58 344 636 169 370 42 638 175 412 258 98 178 426
cell 1 1 1 1 0 1 55 55
0 152 300 432 480 150 290 372 72 512 293 383 117 712 541 381 107 670 325 557 650 247 52 404 222 250 66 464 630 145 68 470 654 265 130 468 648 7 178 426 336 602 175 412 258 98 638 409 244 20 230 684 241 10 188
cell 1 1 1 1 1 0 40 40
0 152 300 432 480 150 290 372 72 512 288 362 12 200 540 365 23 238 714 553 20 230 684 241 10 188 468 648 7 178 426 336 602 175 412 258 98 638 409 244
cell 1 1 1 2 0 0 45 45
0 152 300 432 480 150 290 372 72 512 293 383 117 712 541 381 107 670 325 557 103 658 193 490 43 346 642 487 29 286 234 698 27 280 210 578 607 277 196 500 655 267 136 92 590
cell 1 1 2 0 0 1 55 55
0 152 300 432 480 150 290 372 72 512 288 362 12 200 540 360 2 158 324 552 144 248 60 440 510 246 50 398 198 530 48 392 156 314 492 390 146 254 558 384 122 38 326 386 132 80 542 294 134 86 566 414 266 84 560
cell 1 1 2 0 1 0 39 39
0 152 300 432 480 1 154 306 456 4 164 348 672 361 162 338 612 49 394 336 602 7 428 342 626 127 58 344 636 169 370 42 638 175 412 258 98 178 426
cell 1 1 2 1 0 0 39 39
0 152 300 432 480 1 154 306 456 2 158 324 552 360 156 314 492 48 392 312 482 6 422 318 506 126 56 320 516 168 368 36 518 174 410 252 74 176 420
cell 1 1 3 0 0 0 35 35
0 152 300 432 480 150 290 372 72 512 288 362 12 200 540 360 2 158 554 366 26 278 204 368 36 320 516 168 38 326 558 384 122 324 552
cell 1 2 0 0 0 2 88 88
0 152 300 432 480 150 290 372 72 512 288 362 12 200 540 360 2 158 324 552 144 248 60 440 510 246 50 398 198 530 48 392 156 314 492 390 146 254 84 560 240 8 182 444 528 6 176 420 312 482 174 410 252 74 518 408 242 14 566 414 266 134 86 416 276 194 494 54 278 204 554 24 272 180 434 486 270 170 374 78 536 168 368 36 320 516 366 26
cell 1 2 1 0 1 0 48 48
0 152 300 432 480 150 290 372 72 512 288 362 12 200 540 289 364 18 662 295 388 138 104 298 402 216 608 31 404 222 650 49 394 162 338 612 391 148 260 108 680 145 250 66 464 630 247 52
cell 1 2 1 1 0 0 53 53
0 152 300 432 480 150 290 372 72 512 293 383 117 712 541 381 107 670 325 557 380 102 656 169 370 42 344 636 367 28 230 684 409 244 20 686 415 268 140 110 418 282 218 614 55 284 228 674 25 274 186 458 606
cell 1 2 2 0 0 0 48 48
0 152 300 432 480 150 290 372 72 512 288 362 12 200 540 360 2 158 554 366 26 278 204 368 36 320 516 168 38 326 558 120 32 302 438 504 30 296 396 192 488 294 386 132 80 542 384 122
cell 1 3 0 0 0 1 68 68
0 152 300 432 480 150 290 372 72 512 288 362 12 200 540 360 2 158 324 552 144 248 60 440 510 246 50 398 198 530 48 392 156 314 492 390 146 254 558 384 122 38 326 386 132 80 542 294 134 86 566 264 128 62 446 534 126 56 422 318 506 54 416 276 194 494 414 266
cell 1 3 0 0 1 0 52 52
0 152 300 432 480 150 290 372 72 512 288 362 12 200 540 360 2 158 324 552 3 160 578 607 27 280 210 610 37 322 522 217 40 332 582 125 46 356 702 505 43 346 642 193 490 343 628 133 82 548 625 123
cell 1 3 0 1 0 0 53 53
0 152 300 432 480 150 290 372 72 512 288 362 12 200 540 365 23 238 714 553 20 230 684 241 10 188 468 648 7 178 338 612 49 394 162 614 55 418 282 218 58 428 342 626 127 426 336 602 175 412 258 98 638
cell 1 3 1 0 0 0 48 48
0 152 300 432 480 150 290 372 72 512 288 362 12 200 540 360 2 158 554 366 26 278 204 368 36 320 516 168 38 326 558 120 32 302 438 504 30 296 396 192 488 294 386 132 80 542 384 122
cell 1 4 0 0 0 0 61 61
0 152 300 432 480 150 290 372 72 512 288 362 12 200 540 360 2 158 554 366 26 278 204 368 36 320 516 168 38 326 558 120 32 302 438 504 30 296 396 192 488 294 386 78 536 270 170 374 534 264 128 62 446 266 134 86 566 414 132 80 542
cell 2 0 2 0 0 1 70 70
0 152 300 432 480 150 290 372 72 512 288 362 12 200 540 360 2 158 324 552 144 248 60 440 510 246 50 398 198 530 48 392 156 314 492 390 146 254 558 384 122 38 326 386 132 80 542 294 134 86 566 264 128 62 446 534 126 56 422 318 506 54 416 276 194 494 414 266 84 560
cell 2 0 2 0 1 0 50 50
0 152 300 432 480 150 290 372 72 512 288 362 12 200 540 360 2 158 554 366 26 278 204 368 36 320 516 168 38 326 558 120 32 302 438 504 30 296 396 192 488 294 386 132 80 542 384 122 324 552
cell 2 0 2 1 0 0 50 50
0 152 300 432 480 155 311 477 705 513 309 467 645 201 545 465 635 159 575 471 659 279 209 473 669 321 521 189 671 327 407 237 713 543 299 239 719 567 419 287 717 561 395 167 359 563 405 227 329 573
cell 2 0 3 0 0 0 50 50
0 152 300 432 480 150 290 372 72 512 288 362 12 200 540 360 2 158 554 366 26 278 204 368 36 320 516 168 38 326 558 120 32 302 438 504 30 296 396 192 488 294 386 132 80 542 384 122 324 552
cell 2 1 1 0 1 0 54 54
0 152 300 432 480 1 154 306 456 4 164 348 672 361 162 338 612 49 394 336 602 7 428 342 626 127 58 344 636 169 370 42 638 175 260 108 680 391 148 110 686 415 268 140 684 409 244 20 230 412 258 98 178 426
cell 2 1 1 1 0 0 54 54
0 152 300 432 480 1 154 306 456 2 158 324 552 360 156 314 492 48 392 312 482 6 422 318 506 126 56 320 516 168 368 36 518 174 254 84 560 390 146 86 566 414 266 134 564 408 242 14 206 410 252 74 176 420
cell 2 1 2 0 0 0 50 50
0 152 300 432 480 150 290 372 72 512 288 362 12 200 540 360 2 158 554 366 26 278 204 368 36 320 516 168 38 326 558 120 32 302 438 504 30 296 396 192 488 294 386 132 80 542 384 122 324 552
cell 2 2 0 0 0 1 83 83
0 152 300 432 480 150 290 372 72 512 288 362 12 200 540 360 2 158 324 552 144 248 60 440 510 246 50 398 198 530 48 392 156 314 492 390 146 254 558 384 122 38 326 386 132 80 542 294 134 86 566 264 128 62 446 534 126 56 422 318 506 54 416 192 488 30 296 396 486 24 272 180 434 26 278 204 554 366 276 194 494 414 266
cell 2 2 0 0 1 0 63 63
0 152 300 432 480 150 290 372 72 512 288 362 12 200 540 360 2 158 554 366 26 278 204 368 36 320 516 168 38 326 558 120 32 302 438 504 30 296 396 192 488 294 386 78 536 270 170 374 534 264 128 62 446 266 134 86 566 414 132 80 542 384 122
cell 2 2 0 1 0 0 68 68
0 152 300 432 480 150 290 372 72 512 288 362 12 200 540 365 23 238 714 553 20 230 684 241 10 188 468 648 7 178 338 612 49 394 162 614 55 418 282 218 58 428 342 130 68 470 654 265 66 464 630 145 250 462 624 121 34 308 626 127 426 336 602 175 412 258 98 638
cell 2 2 1 0 0 0 63 63
0 152 300 432 480 150 290 372 72 512 288 362 12 200 540 360 2 158 554 366 26 278 204 368 36 320 516 168 38 326 558 120 32 302 438 504 30 296 396 192 488 294 386 78 536 270 170 374 534 264 128 62 446 266 134 86 566 414 132 80 542 384 122
cell 2 3 0 0 0 0 63 63
0 152 300 432 480 150 290 372 72 512 288 362 12 200 540 360 2 158 554 366 26 278 204 368 36 320 516 168 38 326 558 120 32 302 438 504 30 296 396 192 488 294 386 78 536 270 170 374 534 264 128 62 446 266 134 86 566 414 132 80 542 384 122
cell 3 0 2 0 0 0 65 65
0 152 300 432 480 150 290 372 72 512 288 362 12 200 540 360 2 158 554 366 26 278 204 368 36 320 516 168 38 326 558 120 32 302 438 504 30 296 396 192 488 294 386 78 536 270 170 374 534 264 128 62 446 266 134 86 566 414 132 80 542 384 122 324 552
cell 3 1 1 0 0 0 65 65
0 152 300 432 480 150 290 372 72 512 288 362 12 200 540 360 2 158 554 366 26 278 204 368 36 320 516 168 38 326 558 120 32 302 438 504 30 296 396 192 488 294 386 78 536 270 170 374 534 264 128 62 446 266 134 86 566 414 132 80 542 384 122 324 552
cell 3 2 0 0 0 0 78 78
0 152 300 432 480 150 290 372 72 512 288 362 12 200 540 360 2 158 554 366 26 278 204 368 36 320 516 168 38 326 558 120 32 302 438 504 30 296 396 192 488 294 386 78 536 270 170 374 534 264 128 62 446 266 134 564 408 242 14 206 410 252 74 518 174 254 84 560 390 146 86 566 414 132 80 542 384 122
cell 0 0 3 0 1 2 60 60
0 152 300 432 480 150 290 372 72 512 288 362 12 200 540 360 2 158 324 552 144 248 60 440 510 246 50 398 198 530 48 392 156 314 492 390 146 254 84 560 240 8 182 444 528 6 176 420 312 482 174 410 252 74 518 408 242 14 206 564
cell 0 0 3 1 0 2 60 60
0 152 300 432 480 150 290 372 72 512 293 383 117 712 541 381 107 670 325 557 650 247 52 404 222 250 66 464 630 145 68 470 654 265 130 468 648 241 10 188 260 108 680 391 148 110 686 415 268 140 684 409 244 20 230 412 258 98 638 175
cell 0 0 4 0 0 2 60 60
0 152 300 432 480 150 290 372 72 512 288 362 12 200 540 360 2 158 324 552 144 248 60 440 510 246 50 398 198 530 48 392 156 314 492 390 146 254 84 560 240 8 182 444 528 6 176 420 312 482 174 410 252 74 518 408 242 14 206 564
cell 0 0 4 0 2 0 20 20
0 152 300 432 480 150 290 372 72 512 288 362 12 200 540 360 2 158 324 552
cell 0 0 4 1 1 0 25 25
0 152 300 432 480 150 290 372 72 512 288 362 12 200 540 365 23 238 714 553 20 230 684 409 244
cell 0 0 4 2 0 0 30 30
0 152 300 432 480 150 290 372 72 512 293 383 117 712 541 381 107 670 325 557 103 658 277 196 500 655 267 136 92 590
cell 0 0 5 0 1 0 20 20
0 152 300 432 480 150 290 372 72 512 288 362 12 200 540 360 2 158 324 552
cell 0 0 5 1 0 0 20 20
0 152 300 432 480 155 311 477 705 513 309 467 645 201 545 465 635 159 329 573
cell 0 0 6 0 0 0 20 20
0 152 300 432 480 150 290 372 72 512 288 362 12 200 540 360 2 158 324 552
cell 0 1 2 0 0 3 74 74
0 152 300 432 480 150 290 372 72 512 288 362 12 200 540 360 2 158 324 552 144 248 60 440 510 246 50 398 198 530 48 392 156 314 492 390 146 254 84 560 240 8 182 444 528 6 176 420 312 482 174 410 252 74 414 266 134 86 566 264 128 62 446 534 126 56 422 318 506 54 416 276 194 494
cell 0 1 2 0 2 1 44 44
0 152 300 432 480 1 154 306 456 4 164 348 672 361 162 338 612 49 394 336 602 7 178 426 18 224 660 289 364 222 650 247 52 404 648 241 10 188 468 244 20 230 684 409
cell 0 1 2 1 1 1 45 45
0 152 300 432 480 150 290 372 72 512 288 362 12 200 540 365 23 238 714 553 20 230 684 409 244 678 385 124 44 350 388 138 104 662 295 140 110 686 415 268 108 680 391 148 260
cell 0 1 2 2 0 1 50 50
0 152 300 432 480 150 290 372 72 512 293 383 117 712 541 381 107 670 325 557 103 658 277 196 500 655 267 136 92 590 124 44 350 678 385 42 344 636 169 370 342 626 127 58 428 624 121 34 308 462
cell 0 1 3 0 1 1 40 40
0 152 300 432 480 150 290 372 72 512 288 362 12 200 540 360 2 158 324 552 144 248 60 440 510 246 50 398 198 530 48 392 156 314 492 390 146 254 84 560
cell 0 1 3 0 2 0 24 24
0 152 300 432 480 1 154 306 456 4 164 348 672 361 162 338 612 49 394 336 602 7 178 426
cell 0 1 3 1 0 1 40 40
0 152 300 432 480 150 290 372 72 512 293 383 117 712 541 381 107 670 325 557 650 247 52 404 222 250 66 464 630 145 68 470 654 265 130 468 648 241 10 188
cell 0 1 3 1 1 0 25 25
0 152 300 432 480 150 290 372 72 512 288 362 12 200 540 365 23 238 714 553 20 230 684 409 244
cell 0 1 3 2 0 0 30 30
0 152 300 432 480 150 290 372 72 512 293 383 117 712 541 381 107 670 325 557 103 658 277 196 500 655 267 136 92 590
cell 0 1 4 0 0 1 40 40
0 152 300 432 480 150 290 372 72 512 288 362 12 200 540 360 2 158 324 552 144 248 60 440 510 246 50 398 198 530 48 392 156 314 492 390 146 254 84 560
cell 0 1 4 0 1 0 24 24
0 152 300 432 480 1 154 306 456 4 164 348 672 361 162 338 612 49 394 336 602 7 178 426
cell 0 1 4 1 0 0 24 24
0 152 300 432 480 1 154 306 456 2 158 324 552 360 156 314 492 48 392 312 482 6 176 420
cell 0 1 5 0 0 0 20 20
0 152 300 432 480 150 290 372 72 512 288 362 12 200 540 360 2 158 324 552
cell 0 2 1 0 1 2 73 73
0 152 300 432 480 150 290 372 72 512 288 362 12 200 540 289 364 18 662 295 388 138 104 298 402 216 608 31 404 222 650 247 52 656 271 172 380 102 274 186 458 606 25 188 468 648 241 10 470 654 265 130 68 284 228 674 367 28 230 684 409 244 20 686 415 268 140 110 418 282 218 614 55
cell 0 2 1 1 0 2 78 78
0 152 300 432 480 150 290 372 72 512 293 383 117 712 541 381 107 670 325 557 380 102 656 169 370 42 344 636 367 28 284 228 674 25 274 186 458 606 174 410 252 74 518 408 242 14 206 564 240 8 182 444 528 6 176 420 312 482 414 266 134 86 566 264 128 62 446 534 126 56 422 318 506 54 416 276 194 494
cell 0 2 2 0 0 2 73 73
0 152 300 432 480 150 290 372 72 512 288 362 12 200 540 360 2 158 324 552 144 248 60 440 510 246 50 398 198 530 48 392 156 314 492 390 146 254 84 560 240 8 182 444 528 6 176 420 312 482 174 410 252 74 518 408 242 14 566 414 266 134 86 416 276 194 494 54 278 204 554 366 26
cell 0 2 2 0 2 0 38 38
0 152 300 432 480 150 290 372 72 512 288 362 12 200 540 360 2 158 324 552 361 4 164 674 367 28 284 228 370 42 344 636 169 44 350 678 385 124
cell 0 2 2 1 1 0 38 38
0 152 300 432 480 155 311 477 705 513 309 467 645 201 545 465 635 159 329 573 464 630 145 68 470 654 265 130 468 648 241 10 188 650 247 52 404 222
cell 0 2 2 2 0 0 48 48
0 152 300 432 480 150 290 372 72 512 293 383 117 712 541 381 107 670 325 557 103 658 277 196 500 655 267 136 92 590 654 265 130 468 648 241 10 188 650 247 52 404 222 250 66 464 630 145
cell 0 2 3 0 1 0 33 33
0 152 300 432 480 150 290 372 72 512 288 362 12 200 540 289 364 18 662 295 388 138 104 298 402 216 608 31 404 222 650 247 52
cell 0 2 3 1 0 0 38 38
0 152 300 432 480 150 290 372 72 512 293 383 117 712 541 381 107 670 325 557 380 102 656 169 370 42 344 636 367 28 284 228 674 25 274 186 458 606
cell 0 2 4 0 0 0 33 33
0 152 300 432 480 150 290 372 72 512 288 362 12 200 540 360 2 158 554 366 26 278 204 368 36 320 516 168 38 326 558 384 122
cell 0 3 0 0 0 3 87 87
0 152 300 432 480 150 290 372 72 512 288 362 12 200 540 360 2 158 324 552 144 248 60 440 510 246 50 398 198 530 48 392 156 314 492 390 146 254 84 560 240 8 182 444 528 6 176 420 312 482 174 410 252 74 518 408 242 14 566 414 266 134 86 416 276 194 494 270 170 374 78 536 168 368 36 320 516 366 26 278 204 554 24 272 180 434 486
cell 0 3 0 0 2 1 62 62
0 152 300 432 480 150 290 372 72 512 288 362 12 200 540 360 2 158 324 552 144 248 60 440 510 246 50 398 198 530 48 392 156 314 492 390 146 254 559 389 143 118 716 384 122 38 326 558 120 32 302 438 504 30 296 396 192 488 294 386 132 80
cell 0 3 0 1 1 1 62 62
0 152 300 432 480 150 290 372 72 512 288 362 12 200 540 365 23 238 714 553 20 230 684 409 244 228 674 25 274 186 458 606 271 172 380 102 656 169 370 42 344 636 30 296 396 192 488 294 386 132 80 542 384 122 38 326 558 120 32 302 438 504
cell 0 3 0 2 0 1 62 62
0 152 300 432 480 150 290 372 72 512 293 383 117 712 541 381 107 670 325 557 103 658 277 196 500 654 265 130 468 648 241 10 188 650 247 52 404 222 250 66 464 630 58 428 342 626 127 426 336 602 7 178 338 612 49 394 162 614 55 418 282 218
cell 0 3 1 0 1 1 57 57
0 152 300 432 480 1 154 306 456 4 164 348 672 361 162 338 612 49 394 336 602 7 428 342 626 127 58 344 636 169 370 42 638 175 412 258 98 418 282 218 614 55 284 228 674 367 28 230 684 409 244 20 686 415 268 140 110
cell 0 3 1 0 2 0 42 42
0 152 300 432 480 150 290 372 72 512 288 362 12 200 540 360 2 158 324 552 3 160 330 577 603 9 184 580 613 51 400 211 616 61 442 523 219 64 452 583 627 129
cell 0 3 1 1 0 1 58 58
0 152 300 432 480 150 290 372 72 512 293 383 117 712 541 381 107 670 325 557 380 102 656 169 370 42 344 636 367 28 284 228 674 25 274 186 458 606 174 410 252 74 518 408 242 14 206 564 240 8 182 444 528 6 176 420 312 482
cell 0 3 1 1 1 0 42 42
0 152 300 432 480 1 154 306 456 4 164 348 672 361 162 338 612 49 394 341 623 87 568 427 620 79 538 217 610 37 322 522 607 27 280 210 578 29 286 234 698 487
cell 0 3 1 2 0 0 48 48
0 152 300 432 480 150 290 372 72 512 293 383 117 712 541 381 107 670 325 557 103 658 277 196 500 655 267 136 92 590 654 265 130 468 648 241 10 188 650 247 52 404 222 250 66 464 630 145
cell 0 3 2 0 0 1 53 53
0 152 300 432 480 150 290 372 72 512 288 362 12 200 540 360 2 158 324 552 144 248 60 440 510 246 50 398 198 530 48 392 156 314 492 390 146 254 558 384 122 38 326 386 132 80 542 294 134 86 566 414 266
cell 0 3 2 0 1 0 37 37
0 152 300 432 480 1 154 306 456 4 164 348 672 361 162 338 612 49 394 336 602 7 428 342 626 127 58 344 636 169 370 42 638 175 412 258 98
cell 0 3 2 1 0 0 38 38
0 152 300 432 480 150 290 372 72 512 293 383 117 712 541 381 107 670 325 557 380 102 656 169 370 42 344 636 367 28 284 228 674 25 274 186 458 606
cell 0 3 3 0 0 0 33 33
0 152 300 432 480 150 290 372 72 512 288 362 12 200 540 360 2 158 554 366 26 278 204 368 36 320 516 168 38 326 558 384 122
cell 0 4 0 0 0 2 86 86
0 152 300 432 480 150 290 372 72 512 288 362 12 200 540 360 2 158 324 552 144 248 60 440 510 246 50 398 198 530 48 392 156 314 492 390 146 254 84 560 240 8 182 444 528 6 176 420 312 482 174 410 252 74 518 408 242 14 566 414 266 134 86 416 276 194 494 54 278 204 554 24 272 180 434 486 270 170 374 78 536 168 368 36 320 516
cell 0 4 0 0 2 0 56 56
0 152 300 432 480 150 290 372 72 512 288 362 12 200 540 360 2 158 554 366 26 278 204 368 36 320 516 168 38 326 558 384 122 327 563 405 227 671 560 390 146 86 566 414 266 134 564 408 242 14 206 410 252 74 518 174
cell 0 4 0 1 1 0 51 51
0 152 300 432 480 150 290 372 72 512 288 362 12 200 540 360 2 158 324 552 3 160 330 602 7 178 426 336 10 188 468 648 241 186 458 606 271 172 380 102 656 169 370 42 344 636 367 28 284 228 674
cell 0 4 0 2 0 0 56 56
0 152 300 432 480 150 290 372 72 512 288 362 12 200 540 365 23 238 714 553 20 230 684 241 10 188 468 648 7 178 426 336 602 177 425 333 587 639 422 318 506 54 416 276 194 494 414 266 134 86 566 264 128 62 446 534
cell 0 4 1 0 1 0 46 46
0 152 300 432 480 150 290 372 72 512 288 362 12 200 540 289 364 18 662 295 388 138 104 298 402 216 608 31 404 222 650 49 394 162 338 612 391 148 260 108 680 145 250 66 464 630
cell 0 4 1 1 0 0 51 51
0 152 300 432 480 150 290 372 72 512 288 362 12 200 540 360 2 158 554 366 26 278 204 368 36 320 516 168 40 332 582 625 123 331 581 615 421 317 503 111 688 315 497 69 472 667 495 59 430 355 701
cell 0 4 2 0 0 0 46 46
0 152 300 432 480 150 290 372 72 512 288 362 12 200 540 360 2 158 325 557 381 107 670 555 371 47 358 715 554 366 26 206 564 408 242 14 566 414 266 134 86 416 276 194 494 54
cell 0 5 0 0 0 1 66 66
0 152 300 432 480 150 290 372 72 512 288 362 12 200 540 360 2 158 324 552 144 248 60 440 510 246 50 398 198 530 48 392 156 314 492 390 146 254 558 384 122 38 326 386 132 80 542 294 134 86 566 264 128 62 446 534 126 56 422 318 506 54 416 276 194 494
cell 0 5 0 0 1 0 50 50
0 152 300 432 480 150 290 372 72 512 288 362 12 200 540 360 2 158 324 552 3 160 578 607 27 280 210 610 37 322 522 217 40 332 582 125 46 356 702 505 43 346 642 193 490 343 628 133 82 548
cell 0 5 0 1 0 0 51 51
0 152 300 432 480 150 290 372 72 512 288 362 12 200 540 360 2 158 554 366 26 278 204 368 36 320 516 168 40 332 582 625 123 331 581 615 421 317 503 111 688 315 497 69 472 667 495 59 430 355 701
cell 0 5 1 0 0 0 46 46
0 152 300 432 480 150 290 372 72 512 288 362 12 200 540 360 2 158 554 366 26 278 204 368 36 320 516 168 38 326 558 120 32 302 438 504 30 296 396 192 488 294 386 132 80 542
cell 0 6 0 0 0 0 49 49
0 152 300 432 480 150 290 372 72 512 288 362 12 200 540 360 2 158 554 366 26 278 204 368 36 320 516 168 38 326 558 120 32 302 506 126 56 422 318 128 62 446 534 264 60 440 510 144 248
cell 1 0 3 0 1 1 55 55
0 152 300 432 480 150 290 372 72 512 288 362 12 200 540 360 2 158 324 552 144 248 60 440 510 246 50 398 198 530 48 392 156 314 492 390 146 254 558 384 122 38 326 386 132 80 542 294 134 86 566 414 266 84 560
cell 1 0 3 1 0 1 55 55
0 152 300 432 480 150 290 372 72 512 293 383 117 712 541 381 107 670 325 557 650 247 52 404 222 250 66 464 630 145 68 470 654 265 130 468 648 7 178 426 336 602 175 412 258 98 638 409 244 20 230 684 241 10 188
cell 1 0 4 0 0 1 55 55
0 152 300 432 480 150 290 372 72 512 288 362 12 200 540 360 2 158 324 552 144 248 60 440 510 246 50 398 198 530 48 392 156 314 492 390 146 254 558 384 122 38 326 386 132 80 542 294 134 86 566 414 266 84 560
cell 1 0 4 0 1 0 35 35
0 152 300 432 480 150 290 372 72 512 288 362 12 200 540 360 2 158 554 366 26 278 204 368 36 320 516 168 38 326 558 384 122 324 552
cell 1 0 4 1 0 0 35 35
0 152 300 432 480 155 311 477 705 513 309 467 645 201 545 465 635 159 575 471 659 279 209 473 669 321 521 189 671 327 563 405 227 329 573
cell 1 0 5 0 0 0 35 35
0 152 300 432 480 150 290 372 72 512 288 362 12 200 540 360 2 158 554 366 26 278 204 368 36 320 516 168 38 326 558 384 122 324 552
cell 1 1 2 0 0 2 75 75
0 152 300 432 480 150 290 372 72 512 288 362 12 200 540 360 2 158 324 552 144 248 60 440 510 246 50 398 198 530 48 392 156 314 492 390 146 254 84 560 240 8 182 444 528 6 176 420 312 482 174 410 252 74 518 408 242 14 566 414 266 134 86 416 276 194 494 54 278 204 554 366 26 206 564
cell 1 1 2 0 2 0 39 39
0 152 300 432 480 1 154 306 456 4 164 348 672 361 162 338 612 49 394 336 602 7 428 342 626 127 58 344 636 169 370 42 638 175 412 258 98 178 426
cell 1 1 2 1 1 0 40 40
0 152 300 432 480 150 290 372 72 512 288 362 12 200 540 365 23 238 714 553 20 230 684 241 10 188 468 648 7 178 426 336 602 175 412 258 98 638 409 244
cell 1 1 2 2 0 0 45 45
0 152 300 432 480 150 290 372 72 512 293 383 117 712 541 381 107 670 325 557 103 658 193 490 43 346 642 487 29 286 234 698 27 280 210 578 607 277 196 500 655 267 136 92 590
cell 1 1 3 0 1 0 39 39
0 152 300 432 480 1 154 306 456 4 164 348 672 361 162 338 612 49 394 336 602 7 428 342 626 127 58 344 636 169 370 42 638 175 412 258 98 178 426
cell 1 1 3 1 0 0 39 39
0 152 300 432 480 1 154 306 456 2 158 324 552 360 156 314 492 48 392 312 482 6 422 318 506 126 56 320 516 168 368 36 518 174 410 252 74 176 420
cell 1 1 4 0 0 0 35 35
0 152 300 432 480 150 290 372 72 512 288 362 12 200 540 360 2 158 554 366 26 278 204 368 36 320 516 168 38 326 558 384 122 324 552
cell 1 2 1 0 1 1 68 68
0 152 300 432 480 150 290 372 72 512 288 362 12 200 540 289 364 18 662 295 388 138 104 298 402 216 608 31 404 222 650 247 52 656 271 172 380 102 274 186 458 606 25 188 468 648 241 10 470 654 265 66 464 630 145 250 462 624 121 34 308 626 127 58 428 342 130 68
cell 1 2 1 1 0 1 73 73
0 152 300 432 480 150 290 372 72 512 293 383 117 712 541 381 107 670 325 557 380 102 656 169 370 42 344 636 367 28 284 228 674 25 274 186 458 606 174 410 252 74 518 408 242 14 206 564 240 8 182 444 528 6 176 314 492 48 392 156 494 54 416 276 194 56 422 318 506 126 420 312 482
cell 1 2 2 0 0 1 68 68
0 152 300 432 480 150 290 372 72 512 288 362 12 200 540 360 2 158 324 552 144 248 60 440 510 246 50 398 198 530 48 392 156 314 492 390 146 254 558 384 122 38 326 386 132 80 542 294 134 86 566 264 128 62 446 534 126 56 422 318 506 54 416 276 194 494 414 266
cell 1 2 2 0 1 0 48 48
0 152 300 432 480 150 290 372 72 512 288 362 12 200 540 289 364 18 662 295 388 138 104 298 402 216 608 31 404 222 650 49 394 162 338 612 391 148 260 108 680 145 250 66 464 630 247 52
cell 1 2 2 1 0 0 53 53
0 152 300 432 480 150 290 372 72 512 293 383 117 712 541 381 107 670 325 557 380 102 656 169 370 42 344 636 367 28 230 684 409 244 20 686 415 268 140 110 418 282 218 614 55 284 228 674 25 274 186 458 606
cell 1 2 3 0 0 0 48 48
0 152 300 432 480 150 290 372 72 512 288 362 12 200 540 360 2 158 554 366 26 278 204 368 36 320 516 168 38 326 558 120 32 302 438 504 30 296 396 192 488 294 386 132 80 542 384 122
cell 1 3 0 0 0 2 88 88
0 152 300 432 480 150 290 372 72 512 288 362 12 200 540 360 2 158 324 552 144 248 60 440 510 246 50 398 198 530 48 392 156 314 492 390 146 254 84 560 240 8 182 444 528 6 176 420 312 482 174 410 252 74 518 408 242 14 566 414 266 134 86 416 276 194 494 54 278 204 554 24 272 180 434 486 270 170 374 78 536 168 368 36 320 516 366 26
cell 1 3 1 0 1 0 52 52
0 152 300 432 480 1 154 306 456 4 164 348 672 361 162 338 612 49 394 336 602 7 428 342 626 127 58 344 636 169 370 42 638 175 260 108 680 391 148 110 686 415 268 140 684 409 244 20 230 412 258 98
cell 1 3 1 1 0 0 53 53
0 152 300 432 480 150 290 372 72 512 293 383 117 712 541 381 107 670 325 557 380 102 656 169 370 42 344 636 367 28 230 684 409 244 20 686 415 268 140 110 418 282 218 614 55 284 228 674 25 274 186 458 606
cell 1 3 2 0 0 0 48 48
0 152 300 432 480 150 290 372 72 512 288 362 12 200 540 360 2 158 554 366 26 278 204 368 36 320 516 168 38 326 558 120 32 302 438 504 30 296 396 192 488 294 386 132 80 542 384 122
cell 1 4 0 0 0 1 81 81
0 152 300 432 480 150 290 372 72 512 288 362 12 200 540 360 2 158 324 552 144 248 60 440 510 246 50 398 198 530 48 392 156 314 492 390 146 254 558 384 122 38 326 386 132 80 542 294 134 86 566 264 128 62 446 534 126 56 422 318 506 54 416 192 488 30 296 396 486 24 272 180 434 26 278 204 554 366 276 194 494
cell 1 4 0 0 1 0 61 61
0 152 300 432 480 150 290 372 72 512 288 362 12 200 540 360 2 158 554 366 26 278 204 368 36 320 516 168 38 326 558 120 32 302 438 504 30 296 396 192 488 294 386 78 536 270 170 374 534 264 128 62 446 266 134 86 566 414 132 80 542
cell 1 4 0 1 0 0 66 66
0 152 300 432 480 150 290 372 72 512 288 362 12 200 540 360 2 158 554 366 26 278 204 368 36 320 516 168 40 332 582 625 123 331 581 615 421 317 503 111 688 315 497 469 653 255 89 574 651 249 65 454 589 251 71 478 709 531 69 472 667 495 59 430 355 701
cell 1 4 1 0 0 0 61 61
0 152 300 432 480 150 290 372 72 512 288 362 12 200 540 360 2 158 554 366 26 278 204 368 36 320 516 168 38 326 558 120 32 302 438 504 30 296 396 192 488 294 386 78 536 270 170 374 534 264 128 62 446 266 134 86 566 414 132 80 542
cell 1 5 0 0 0 0 61 61
0 152 300 432 480 150 290 372 72 512 288 362 12 200 540 360 2 158 554 366 26 278 204 368 36 320 516 168 38 326 558 120 32 302 438 504 30 296 396 192 488 294 386 78 536 270 170 374 534 264 128 62 446 266 134 86 566 414 132 80 542
cell 2 0 3 0 1 0 50 50
0 152 300 432 480 150 290 372 72 512 288 362 12 200 540 360 2 158 554 366 26 278 204 368 36 320 516 168 38 326 558 120 32 302 438 504 30 296 396 192 488 294 386 132 80 542 384 122 324 552
cell 2 0 3 1 0 0 50 50
0 152 300 432 480 155 311 477 705 513 309 467 645 201 545 465 635 159 575 471 659 279 209 473 669 321 521 189 671 327 407 237 713 543 299 239 719 567 419 287 717 561 395 167 359 563 405 227 329 573
cell 2 0 4 0 0 0 50 50
0 152 300 432 480 150 290 372 72 512 288 362 12 200 540 360 2 158 554 366 26 278 204 368 36 320 516 168 38 326 558 120 32 302 438 504 30 296 396 192 488 294 386 132 80 542 384 122 324 552
cell 2 1 2 0 0 1 70 0

cell 2 1 2 0 1 0 54 54
0 152 300 432 480 1 154 306 456 4 164 348 672 361 162 338 612 49 394 336 602 7 428 342 626 127 58 344 636 169 370 42 638 175 260 108 680 391 148 110 686 415 268 140 684 409 244 20 230 412 258 98 178 426
cell 2 1 2 1 0 0 54 54
0 152 300 432 480 1 154 306 456 2 158 324 552 360 156 314 492 48 392 312 482 6 422 318 506 126 56 320 516 168 368 36 518 174 254 84 560 390 146 86 566 414 266 134 564 408 242 14 206 410 252 74 176 420
cell 2 1 3 0 0 0 50 50
0 152 300 432 480 150 290 372 72 512 288 362 12 200 540 360 2 158 554 366 26 278 204 368 36 320 516 168 38 326 558 120 32 302 438 504 30 296 396 192 488 294 386 132 80 542 384 122 324 552
cell 2 2 1 0 1 0 63 63
0 152 300 432 480 150 290 372 72 512 288 362 12 200 540 289 364 18 662 295 388 138 104 298 402 216 608 31 404 222 650 49 394 162 338 612 391 148 260 108 680 145 250 462 624 121 34 308 626 127 58 428 342 130 68 470 654 265 66 464 630 247 52
cell 2 2 1 1 0 0 68 68
0 152 300 432 480 150 290 372 72 512 293 383 117 712 541 381 107 670 325 557 380 102 656 169 370 42 344 636 367 28 230 684 409 244 20 686 415 268 140 110 418 282 218 58 428 342 626 127 426 336 602 7 178 338 612 49 394 162 614 55 284 228 674 25 274 186 458 606
cell 2 2 2 0 0 0 63 63
0 152 300 432 480 150 290 372 72 512 288 362 12 200 540 360 2 158 554 366 26 278 204 368 36 320 516 168 38 326 558 120 32 302 438 504 30 296 396 192 488 294 386 78 536 270 170 374 534 264 128 62 446 266 134 86 566 414 132 80 542 384 122
cell 2 3 0 0 0 1 83 83
0 152 300 432 480 150 290 372 72 512 288 362 12 200 540 360 2 158 324 552 144 248 60 440 510 246 50 398 198 530 48 392 156 314 492 390 146 254 558 384 122 38 326 386 132 80 542 294 134 86 566 264 128 62 446 534 126 56 422 318 506 54 416 192 488 30 296 396 486 24 272 180 434 26 278 204 554 366 276 194 494 414 266
cell 2 3 0 0 1 0 67 67
0 152 300 432 480 150 290 372 72 512 288 362 12 200 540 360 2 158 324 552 3 160 578 607 27 280 210 610 37 322 522 217 40 332 582 125 46 356 702 505 43 346 642 193 490 343 628 79 538 283 220 620 535 269 142 116 710 267 136 92 590 655 133 82 548 625 123
cell 2 3 0 1 0 0 68 68
0 152 300 432 480 150 290 372 72 512 288 362 12 200 540 365 23 238 714 553 20 230 684 241 10 188 468 648 7 178 338 612 49 394 162 614 55 418 282 218 58 428 342 130 68 470 654 265 66 464 630 145 250 462 624 121 34 308 626 127 426 336 602 175 412 258 98 638
cell 2 3 1 0 0 0 63 63
0 152 300 432 480 150 290 372 72 512 288 362 12 200 540 360 2 158 554 366 26 278 204 368 36 320 516 168 38 326 558 120 32 302 438 504 30 296 396 192 488 294 386 78 536 270 170 374 534 264 128 62 446 266 134 86 566 414 132 80 542 384 122
cell 2 4 0 0 0 0 76 76
0 152 300 432 480 150 290 372 72 512 288 362 12 200 540 360 2 158 554 366 26 278 204 368 36 320 516 168 38 326 558 120 32 302 438 504 30 296 396 192 488 294 386 78 536 270 170 374 534 264 128 62 446 266 134 564 408 242 14 206 410 252 74 518 174 254 84 560 390 146 86 566 414 132 80 542
cell 3 0 3 0 0 0 65 65
0 152 300 432 480 150 290 372 72 512 288 362 12 200 540 360 2 158 554 366 26 278 204 368 36 320 516 168 38 326 558 120 32 302 438 504 30 296 396 192 488 294 386 78 536 270 170 374 534 264 128 62 446 266 134 86 566 414 132 80 542 384 122 324 552
cell 3 1 2 0 0 0 65 65
0 152 300 432 480 150 290 372 72 512 288 362 12 200 540 360 2 158 554 366 26 278 204 368 36 320 516 168 38 326 558 120 32 302 438 504 30 296 396 192 488 294 386 78 536 270 170 374 534 264 128 62 446 266 134 86 566 414 132 80 542 384 122 324 552
cell 3 2 1 0 0 0 78 0

cell 3 3 0 0 0 0 78 78
0 152 300 432 480 150 290 372 72 512 288 362 12 200 540 360 2 158 554 366 26 278 204 368 36 320 516 168 38 326 558 120 32 302 438 504 30 296 396 192 488 294 386 78 536 270 170 374 534 264 128 62 446 266 134 564 408 242 14 206 410 252 74 518 174 254 84 560 390 146 86 566 414 132 80 542 384 122
cell 0 0 4 0 0 3 70 70
0 152 300 432 480 150 290 372 72 512 288 362 12 200 540 360 2 158 324 552 144 248 60 440 510 246 50 398 198 530 48 392 156 314 492 390 146 254 84 560 240 8 182 444 528 6 176 420 312 482 414 266 134 86 566 264 128 62 446 534 126 56 422 318 506 54 416 276 194 494
cell 0 0 5 0 1 1 40 40
0 152 300 432 480 150 290 372 72 512 288 362 12 200 540 360 2 158 324 552 144 248 60 440 510 246 50 398 198 530 48 392 156 314 492 390 146 254 84 560
cell 0 0 5 0 2 0 20 20
0 152 300 432 480 150 290 372 72 512 288 362 12 200 540 360 2 158 324 552
cell 0 0 5 1 0 1 40 40
0 152 300 432 480 150 290 372 72 512 293 383 117 712 541 381 107 670 325 557 650 247 52 404 222 250 66 464 630 145 68 470 654 265 130 468 648 241 10 188
cell 0 0 6 0 0 1 40 40
0 152 300 432 480 150 290 372 72 512 288 362 12 200 540 360 2 158 324 552 144 248 60 440 510 246 50 398 198 530 48 392 156 314 492 390 146 254 84 560
cell 0 0 6 0 1 0 20 20
0 152 300 432 480 150 290 372 72 512 288 362 12 200 540 360 2 158 324 552
cell 0 0 6 1 0 0 20 20
0 152 300 432 480 155 311 477 705 513 309 467 645 201 545 465 635 159 329 573
cell 0 0 7 0 0 0 20 20
0 152 300 432 480 150 290 372 72 512 288 362 12 200 540 360 2 158 324 552
cell 0 1 3 0 1 2 60 60
0 152 300 432 480 150 290 372 72 512 288 362 12 200 540 360 2 158 324 552 144 248 60 440 510 246 50 398 198 530 48 392 156 314 492 390 146 254 84 560 240 8 182 444 528 6 176 420 312 482 174 410 252 74 518 408 242 14 206 564
cell 0 1 3 1 0 2 60 60
0 152 300 432 480 150 290 372 72 512 293 383 117 712 541 381 107 670 325 557 650 247 52 404 222 250 66 464 630 145 68 470 654 265 130 468 648 241 10 188 260 108 680 391 148 110 686 415 268 140 684 409 244 20 230 412 258 98 638 175
cell 0 1 4 0 0 2 60 60
0 152 300 432 480 150 290 372 72 512 288 362 12 200 540 360 2 158 324 552 144 248 60 440 510 246 50 398 198 530 48 392 156 314 492 390 146 254 84 560 240 8 182 444 528 6 176 420 312 482 174 410 252 74 518 408 242 14 206 564
cell 0 1 4 0 2 0 24 24
0 152 300 432 480 1 154 306 456 4 164 348 672 361 162 338 612 49 394 336 602 7 178 426
cell 0 1 4 1 1 0 25 25
0 152 300 432 480 150 290 372 72 512 288 362 12 200 540 365 23 238 714 553 20 230 684 409 244
cell 0 1 4 2 0 0 30 30
0 152 300 432 480 150 290 372 72 512 293 383 117 712 541 381 107 670 325 557 103 658 277 196 500 655 267 136 92 590
cell 0 1 5 0 1 0 24 24
0 152 300 432 480 1 154 306 456 4 164 348 672 361 162 338 612 49 394 336 602 7 178 426
cell 0 1 5 1 0 0 24 24
0 152 300 432 480 1 154 306 456 2 158 324 552 360 156 314 492 48 392 312 482 6 176 420
cell 0 1 6 0 0 0 20 20
0 152 300 432 480 150 290 372 72 512 288 362 12 200 540 360 2 158 324 552
cell 0 2 2 0 0 3 83 83
0 152 300 432 480 150 290 372 72 512 288 362 12 200 540 360 2 158 324 552 144 248 60 440 510 246 50 398 198 530 48 392 156 314 492 390 146 254 84 560 240 8 182 444 528 6 176 420 312 482 174 410 252 74 518 408 242 14 566 414 266 134 86 416 276 194 494 54 278 204 554 366 26 558 384 122 38 326 386 132 80 542 294
cell 0 2 3 0 1 1 53 53
0 152 300 432 480 150 290 372 72 512 288 362 12 200 540 289 364 18 662 295 388 138 104 298 402 216 608 31 404 222 650 247 52 656 271 172 380 102 274 186 458 606 25 188 468 648 241 10 470 654 265 130 68
cell 0 2 3 0 2 0 38 38
0 152 300 432 480 150 290 372 72 512 288 362 12 200 540 360 2 158 324 552 361 4 164 674 367 28 284 228 370 42 344 636 169 44 350 678 385 124
cell 0 2 3 1 0 1 58 58
0 152 300 432 480 150 290 372 72 512 293 383 117 712 541 381 107 670 325 557 380 102 656 169 370 42 344 636 367 28 284 228 674 25 274 186 458 606 174 410 252 74 518 408 242 14 206 564 240 8 182 444 528 6 176 420 312 482
cell 0 2 3 1 1 0 38 38
0 152 300 432 480 155 311 477 705 513 309 467 645 201 545 465 635 159 329 573 464 630 145 68 470 654 265 130 468 648 241 10 188 650 247 52 404 222
cell 0 2 3 2 0 0 48 48
0 152 300 432 480 150 290 372 72 512 293 383 117 712 541 381 107 670 325 557 103 658 277 196 500 655 267 136 92 590 654 265 130 468 648 241 10 188 650 247 52 404 222 250 66 464 630 145
cell 0 2 4 0 0 1 53 53
0 152 300 432 480 150 290 372 72 512 288 362 12 200 540 360 2 158 324 552 144 248 60 440 510 246 50 398 198 530 48 392 156 314 492 390 146 254 558 384 122 38 326 386 132 80 542 294 134 86 566 414 266
cell 0 2 4 0 1 0 33 33
0 152 300 432 480 150 290 372 72 512 288 362 12 200 540 289 364 18 662 295 388 138 104 298 402 216 608 31 404 222 650 247 52
cell 0 2 4 1 0 0 38 38
0 152 300 432 480 150 290 372 72 512 293 383 117 712 541 381 107 670 325 557 380 102 656 169 370 42 344 636 367 28 284 228 674 25 274 186 458 606
cell 0 2 5 0 0 0 33 33
0 152 300 432 480 150 290 372 72 512 288 362 12 200 540 360 2 158 554 366 26 278 204 368 36 320 516 168 38 326 558 384 122
cell 0 3 1 0 1 2 77 77
0 152 300 432 480 1 154 306 456 4 164 348 672 361 162 338 612 49 394 336 602 7 428 342 626 127 58 344 636 169 370 42 638 175 412 258 98 418 282 218 614 55 284 228 674 367 28 230 684 409 244 20 686 415 268 140 110 274 186 458 606 25 188 468 648 241 10 470 654 265 130 68 656 271 172 380 102
cell 0 3 1 1 0 2 78 78
0 152 300 432 480 150 290 372 72 512 293 383 117 712 541 381 107 670 325 557 380 102 656 169 370 42 344 636 367 28 284 228 674 25 274 186 458 606 174 410 252 74 518 408 242 14 206 564 240 8 182 444 528 6 176 420 312 482 414 266 134 86 566 264 128 62 446 534 126 56 422 318 506 54 416 276 194 494
cell 0 3 2 0 0 2 73 73
0 152 300 432 480 150 290 372 72 512 288 362 12 200 540 360 2 158 324 552 144 248 60 440 510 246 50 398 198 530 48 392 156 314 492 390 146 254 84 560 240 8 182 444 528 6 176 420 312 482 174 410 252 74 518 408 242 14 566 414 266 134 86 416 276 194 494 54 278 204 554 366 26
cell 0 3 2 0 2 0 42 42
0 152 300 432 480 150 290 372 72 512 288 362 12 200 540 360 2 158 324 552 3 160 330 577 603 9 184 580 613 51 400 211 616 61 442 523 219 64 452 583 627 129
cell 0 3 2 1 1 0 42 42
0 152 300 432 480 1 154 306 456 4 164 348 672 361 167 359 717 561 395 357 707 519 179 431 356 702 505 43 346 642 193 490 343 628 133 82 548 625 123 40 332 582
cell 0 3 2 2 0 0 48 48
0 152 300 432 480 150 290 372 72 512 293 383 117 712 541 381 107 670 325 557 103 658 277 196 500 655 267 136 92 590 654 265 130 468 648 241 10 188 650 247 52 404 222 250 66 464 630 145
cell 0 3 3 0 1 0 37 37
0 152 300 432 480 1 154 306 456 4 164 348 672 361 162 338 612 49 394 336 602 7 428 342 626 127 58 344 636 169 370 42 638 175 412 258 98
cell 0 3 3 1 0 0 38 38
0 152 300 432 480 150 290 372 72 512 293 383 117 712 541 381 107 670 325 557 380 102 656 169 370 42 344 636 367 28 284 228 674 25 274 186 458 606
cell 0 3 4 0 0 0 33 33
0 152 300 432 480 150 290 372 72 512 288 362 12 200 540 360 2 158 554 366 26 278 204 368 36 320 516 168 38 326 558 384 122
cell 0 4 0 0 0 3 106 106
0 152 300 432 480 150 290 372 72 512 288 362 12 200 540 360 2 158 324 552 144 248 60 440 510 246 50 398 198 530 48 392 156 314 492 390 146 254 84 560 240 8 182 444 528 6 176 420 312 482 174 410 252 74 518 408 242 14 566 414 266 134 86 416 276 194 494 54 278 204 554 24 272 180 434 486 270 170 374 78 536 168 368 36 320 516 30 296 396 192 488 294 386 132 80 542 384 122 38 326 558 120 32 302 438 504
cell 0 4 1 0 1 1 66 66
0 152 300 432 480 150 290 372 72 512 288 362 12 200 540 289 364 18 662 295 388 138 104 298 402 216 608 31 404 222 650 247 52 656 271 172 380 102 274 186 458 606 25 188 468 648 241 10 470 654 265 66 464 630 145 250 462 624 121 34 308 626 127 58 428 342
cell 0 4 1 0 2 0 56 56
0 152 300 432 480 150 290 372 72 512 288 362 12 200 540 360 2 158 554 366 26 278 204 368 36 320 516 168 38 326 558 384 122 327 563 405 227 671 560 390 146 86 566 414 266 134 564 408 242 14 206 410 252 74 518 174
cell 0 4 1 1 0 1 71 71
0 152 300 432 480 150 290 372 72 512 288 362 12 200 540 360 2 158 324 552 144 248 60 440 510 246 50 398 198 530 48 392 156 314 492 390 146 254 559 389 143 118 716 385 124 44 350 678 121 34 308 462 624 31 298 402 606 25 274 186 458 28 284 228 674 367 282 218 614 55 418
cell 0 4 1 1 1 0 56 56
0 152 300 432 480 150 290 372 72 512 288 362 12 200 540 360 2 158 325 557 381 107 670 555 371 47 358 715 367 28 284 228 674 25 274 186 458 606 270 170 374 534 264 128 62 446 266 134 86 566 414 132 80 542 294 386
cell 0 4 1 2 0 0 61 61
0 152 300 432 480 150 290 372 72 512 288 362 12 200 540 360 2 158 325 557 381 107 670 555 371 47 358 715 367 28 284 228 674 25 274 186 458 606 273 185 455 591 657 182 444 528 6 176 420 312 482 174 410 252 74 518 408 242 14 206 564
cell 0 4 2 0 0 1 66 66
0 152 300 432 480 150 290 372 72 512 288 362 12 200 540 360 2 158 324 552 144 248 60 440 510 246 50 398 198 530 48 392 156 314 492 390 146 254 558 384 122 38 326 386 132 80 542 294 134 86 566 264 128 62 446 534 126 56 422 318 506 54 416 276 194 494
cell 0 4 2 0 1 0 46 46
0 152 300 432 480 150 290 372 72 512 288 362 12 200 540 289 364 18 662 295 388 138 104 298 402 216 608 31 404 222 650 49 394 162 338 612 391 148 260 108 680 145 250 66 464 630
cell 0 4 2 1 0 0 51 51
0 152 300 432 480 150 290 372 72 512 288 362 12 200 540 360 2 158 325 557 381 107 670 555 371 47 358 715 367 28 284 228 674 25 274 186 458 606 24 272 180 488 30 296 396 192 32 302 438 504 120
cell 0 4 3 0 0 0 46 46
0 152 300 432 480 150 290 372 72 512 288 362 12 200 540 360 2 158 325 557 381 107 670 555 371 47 358 715 554 366 26 206 564 408 242 14 566 414 266 134 86 416 276 194 494 54
cell 0 5 0 0 0 2 86 86
0 152 300 432 480 150 290 372 72 512 288 362 12 200 540 360 2 158 324 552 144 248 60 440 510 246 50 398 198 530 48 392 156 314 492 390 146 254 84 560 240 8 182 444 528 6 176 420 312 482 174 410 252 74 518 408 242 14 566 414 266 134 86 416 276 194 494 54 278 204 554 24 272 180 434 486 270 170 374 78 536 168 368 36 320 516
cell 0 5 0 0 2 0 56 56
0 152 300 432 480 150 290 372 72 512 288 362 12 200 540 360 2 158 554 366 26 278 204 368 36 320 516 168 38 326 558 384 122 327 563 405 227 671 560 390 146 86 566 414 266 134 564 408 242 14 206 410 252 74 518 174
cell 0 5 0 1 1 0 55 55
0 152 300 432 480 150 290 372 72 512 288 362 12 200 540 365 23 238 714 553 20 230 684 409 244 228 674 25 274 186 458 606 271 172 380 102 656 169 370 42 638 175 412 258 98 178 426 336 602 7 428 342 626 127 58
cell 0 5 0 2 0 0 60 60
0 152 300 432 480 150 290 372 72 512 293 383 117 712 541 381 107 670 325 557 103 658 277 196 500 655 267 136 92 590 268 140 684 409 244 20 230 412 258 98 638 175 260 108 680 145 250 66 464 630 247 52 404 222 650 49 394 162 338 612
cell 0 5 1 0 1 0 50 50
0 152 300 432 480 150 290 372 72 512 288 362 12 200 540 360 2 158 324 552 361 4 350 678 385 124 44 680 391 148 260 108 394 162 338 52 404 222 650 247 402 216 608 31 298 218 614 55 418 282
cell 0 5 1 1 0 0 51 51
0 152 300 432 480 150 290 372 72 512 288 362 12 200 540 360 2 158 554 366 26 278 204 368 36 320 516 168 40 332 582 625 123 331 581 615 421 317 503 111 688 315 497 69 472 667 495 59 430 355 701
cell 0 5 2 0 0 0 46 46
0 152 300 432 480 150 290 372 72 512 288 362 12 200 540 360 2 158 325 557 381 107 670 555 371 47 358 715 554 366 26 206 564 408 242 14 566 414 266 134 86 416 276 194 494 54
cell 0 6 0 0 0 1 79 79
0 152 300 432 480 150 290 372 72 512 288 362 12 200 540 360 2 158 554 366 26 278 204 368 36 320 516 168 38 326 558 384 122 564 408 242 14 206 410 252 74 518 174 254 84 560 390 146 86 566 414 132 80 542 294 386 78 536 270 170 374 534 264 128 444 528 240 8 182 530 246 50 398 198 248 60 440 510 144
cell 0 6 0 0 1 0 50 50
0 152 300 432 480 150 290 372 72 512 288 362 12 200 540 360 2 158 324 552 3 160 578 607 27 280 210 610 37 322 522 217 40 332 582 125 46 356 702 505 43 346 642 193 490 343 628 133 82 548
cell 0 6 0 1 0 0 54 54
0 152 300 432 480 150 290 372 72 512 288 362 12 200 540 365 23 238 714 553 20 230 684 240 8 182 530 246 50 398 198 248 60 440 510 144 62 446 534 126 56 422 318 506 54 416 276 194 494 414 266 134 86 566
cell 0 6 1 0 0 0 54 54
0 152 300 432 480 150 290 372 72 512 288 362 12 200 540 360 2 158 325 557 381 107 670 554 366 26 206 564 408 242 14 566 414 266 134 86 416 276 194 56 422 318 506 126 420 312 482 6 176 314 492 48 392 156
cell 0 7 0 0 0 0 58 58
0 152 300 432 480 150 290 372 72 512 288 362 12 200 540 360 2 158 554 366 26 278 204 368 36 320 516 168 38 326 558 120 32 302 438 504 30 296 396 192 488 294 386 78 536 270 170 374 534 264 128 62 446 266 134 86 566 414
cell 1 0 4 0 0 2 75 75
0 152 300 432 480 150 290 372 72 512 288 362 12 200 540 360 2 158 324 552 144 248 60 440 510 246 50 398 198 530 48 392 156 314 492 390 146 254 84 560 240 8 182 444 528 6 176 420 312 482 174 410 252 74 518 408 242 14 566 414 266 134 86 416 276 194 494 54 278 204 554 366 26 206 564
cell 1 0 5 0 1 0 35 35
0 152 300 432 480 150 290 372 72 512 288 362 12 200 540 360 2 158 554 366 26 278 204 368 36 320 516 168 38 326 558 384 122 324 552
cell 1 0 5 1 0 0 35 35
0 152 300 432 480 155 311 477 705 513 309 467 645 201 545 465 635 159 575 471 659 279 209 473 669 321 521 189 671 327 563 405 227 329 573
cell 1 0 6 0 0 0 35 35
0 152 300 432 480 150 290 372 72 512 288 362 12 200 540 360 2 158 554 366 26 278 204 368 36 320 516 168 38 326 558 384 122 324 552
cell 1 1 3 0 1 1 55 55
0 152 300 432 480 150 290 372 72 512 288 362 12 200 540 360 2 158 324 552 144 248 60 440 510 246 50 398 198 530 48 392 156 314 492 390 146 254 558 384 122 38 326 386 132 80 542 294 134 86 566 414 266 84 560
cell 1 1 3 1 0 1 55 55
0 152 300 432 480 150 290 372 72 512 293 383 117 712 541 381 107 670 325 557 650 247 52 404 222 250 66 464 630 145 68 470 654 265 130 468 648 7 178 426 336 602 175 412 258 98 638 409 244 20 230 684 241 10 188
cell 1 1 4 0 0 1 55 55
0 152 300 432 480 150 290 372 72 512 288 362 12 200 540 360 2 158 324 552 144 248 60 440 510 246 50 398 198 530 48 392 156 314 492 390 146 254 558 384 122 38 326 386 132 80 542 294 134 86 566 414 266 84 560
cell 1 1 4 0 1 0 39 39
0 152 300 432 480 1 154 306 456 4 164 348 672 361 162 338 612 49 394 336 602 7 428 342 626 127 58 344 636 169 370 42 638 175 412 258 98 178 426
cell 1 1 4 1 0 0 39 39
0 152 300 432 480 1 154 306 456 2 158 324 552 360 156 314 492 48 392 312 482 6 422 318 506 126 56 320 516 168 368 36 518 174 410 252 74 176 420
cell 1 1 5 0 0 0 35 35
0 152 300 432 480 150 290 372 72 512 288 362 12 200 540 360 2 158 554 366 26 278 204 368 36 320 516 168 38 326 558 384 122 324 552
cell 1 2 2 0 0 2 88 88
0 152 300 432 480 150 290 372 72 512 288 362 12 200 540 360 2 158 324 552 144 248 60 440 510 246 50 398 198 530 48 392 156 314 492 390 146 254 84 560 240 8 182 444 528 6 176 420 312 482 174 410 252 74 518 408 242 14 566 414 266 134 86 416 276 194 494 54 278 204 554 24 272 180 434 486 270 170 374 78 536 168 368 36 320 516 366 26
cell 1 2 3 0 1 0 48 48
0 152 300 432 480 150 290 372 72 512 288 362 12 200 540 289 364 18 662 295 388 138 104 298 402 216 608 31 404 222 650 49 394 162 338 612 391 148 260 108 680 145 250 66 464 630 247 52
cell 1 2 3 1 0 0 53 53
0 152 300 432 480 150 290 372 72 512 293 383 117 712 541 381 107 670 325 557 380 102 656 169 370 42 344 636 367 28 230 684 409 244 20 686 415 268 140 110 418 282 218 614 55 284 228 674 25 274 186 458 606
cell 1 2 4 0 0 0 48 48
0 152 300 432 480 150 290 372 72 512 288 362 12 200 540 360 2 158 554 366 26 278 204 368 36 320 516 168 38 326 558 120 32 302 438 504 30 296 396 192 488 294 386 132 80 542 384 122
cell 1 3 1 0 1 1 72 72
0 152 300 432 480 1 154 306 456 4 164 348 672 361 162 338 612 49 394 336 602 7 428 342 626 127 58 344 636 169 370 42 638 175 412 258 98 418 282 218 614 55 284 228 674 367 28 230 684 409 244 20 686 415 268 108 680 391 148 260 678 385 124 44 350 388 138 104 662 295 140 110
cell 1 3 1 1 0 1 73 73
0 152 300 432 480 150 290 372 72 512 293 383 117 712 541 381 107 670 325 557 380 102 656 169 370 42 344 636 367 28 284 228 674 25 274 186 458 606 174 410 252 74 518 408 242 14 206 564 240 8 182 444 528 6 176 314 492 48 392 156 494 54 416 276 194 56 422 318 506 126 420 312 482
cell 1 3 2 0 0 1 68 68
0 152 300 432 480 150 290 372 72 512 288 362 12 200 540 360 2 158 324 552 144 248 60 440 510 246 50 398 198 530 48 392 156 314 492 390 146 254 558 384 122 38 326 386 132 80 542 294 134 86 566 264 128 62 446 534 126 56 422 318 506 54 416 276 194 494 414 266
cell 1 3 2 0 1 0 52 52
0 152 300 432 480 1 154 306 456 4 164 348 672 361 162 338 612 49 394 336 602 7 428 342 626 127 58 344 636 169 370 42 638 175 260 108 680 391 148 110 686 415 268 140 684 409 244 20 230 412 258 98
cell 1 3 2 1 0 0 53 53
0 152 300 432 480 150 290 372 72 512 293 383 117 712 541 381 107 670 325 557 380 102 656 169 370 42 344 636 367 28 230 684 409 244 20 686 415 268 140 110 418 282 218 614 55 284 228 674 25 274 186 458 606
cell 1 3 3 0 0 0 48 48
0 152 300 432 480 150 290 372 72 512 288 362 12 200 540 360 2 158 554 366 26 278 204 368 36 320 516 168 38 326 558 120 32 302 438 504 30 296 396 192 488 294 386 132 80 542 384 122
cell 1 4 0 0 0 2 101 101
0 152 300 432 480 150 290 372 72 512 288 362 12 200 540 360 2 158 324 552 144 248 60 440 510 246 50 398 198 530 48 392 156 314 492 390 146 254 84 560 240 8 182 444 528 6 176 420 312 482 174 410 252 74 518 408 242 14 566 414 266 134 86 416 276 194 494 54 278 204 554 24 272 180 434 486 270 170 374 78 536 168 368 318 506 126 56 422 504 120 32 302 438 122 38 326 558 384 36 320 516
cell 1 4 1 0 1 0 61 61
0 152 300 432 480 150 290 372 72 512 288 362 12 200 540 289 364 18 662 295 388 138 104 298 402 216 608 31 404 222 650 49 394 162 338 612 391 148 260 108 680 145 250 462 624 121 34 308 626 127 58 428 342 130 68 470 654 265 66 464 630
cell 1 4 1 1 0 0 66 66
0 152 300 432 480 150 290 372 72 512 288 362 12 200 540 360 2 158 554 366 26 278 204 368 36 320 516 168 40 332 582 625 123 331 581 615 421 317 503 111 688 315 497 469 653 255 89 574 651 249 65 454 589 251 71 478 709 531 69 472 667 495 59 430 355 701
cell 1 4 2 0 0 0 61 61
0 152 300 432 480 150 290 372 72 512 288 362 12 200 540 360 2 158 325 557 381 107 670 555 371 47 358 715 554 366 26 206 564 408 242 14 566 414 266 134 86 416 276 194 56 422 318 506 126 420 312 482 6 176 314 492 48 392 156 494 54
cell 1 5 0 0 0 1 81 81
0 152 300 432 480 150 290 372 72 512 288 362 12 200 540 360 2 158 324 552 144 248 60 440 510 246 50 398 198 530 48 392 156 314 492 390 146 254 558 384 122 38 326 386 132 80 542 294 134 86 566 264 128 62 446 534 126 56 422 318 506 54 416 192 488 30 296 396 486 24 272 180 434 26 278 204 554 366 276 194 494
cell 1 5 0 0 1 0 65 65
0 152 300 432 480 150 290 372 72 512 288 362 12 200 540 360 2 158 324 552 3 160 578 607 27 280 210 610 37 322 522 217 40 332 582 125 46 356 702 505 43 346 642 193 490 343 628 79 538 283 220 620 535 269 142 116 710 267 136 92 590 655 133 82 548
cell 1 5 0 1 0 0 66 66
0 152 300 432 480 150 290 372 72 512 288 362 12 200 540 360 2 158 554 366 26 278 204 368 36 320 516 168 40 332 582 625 123 331 581 615 421 317 503 111 688 315 497 469 653 255 89 574 651 249 65 454 589 251 71 478 709 531 69 472 667 495 59 430 355 701
cell 1 5 1 0 0 0 61 61
0 152 300 432 480 150 290 372 72 512 288 362 12 200 540 360 2 158 554 366 26 278 204 368 36 320 516 168 38 326 558 120 32 302 438 504 30 296 396 192 488 294 386 78 536 270 170 374 534 264 128 62 446 266 134 86 566 414 132 80 542
cell 1 6 0 0 0 0 64 64
0 152 300 432 480 150 290 372 72 512 288 362 12 200 540 360 2 158 554 366 26 278 204 368 36 320 516 168 38 326 558 120 32 302 506 126 56 422 318 128 62 446 534 264 60 440 510 246 50 398 198 530 48 392 156 314 492 390 146 254 84 560 144 248
cell 2 0 4 0 0 1 70 70
0 152 300 432 480 150 290 372 72 512 288 362 12 200 540 360 2 158 324 552 144 248 60 440 510 246 50 398 198 530 48 392 156 314 492 390 146 254 558 384 122 38 326 386 132 80 542 294 134 86 566 264 128 62 446 534 126 56 422 318 506 54 416 276 194 494 414 266 84 560
cell 2 0 5 0 0 0 50 50
0 152 300 432 480 150 290 372 72 512 288 362 12 200 540 360 2 158 554 366 26 278 204 368 36 320 516 168 38 326 558 120 32 302 438 504 30 296 396 192 488 294 386 132 80 542 384 122 324 552
cell 2 1 3 0 1 0 54 54
0 152 300 432 480 1 154 306 456 4 164 348 672 361 162 338 612 49 394 336 602 7 428 342 626 127 58 344 636 169 370 42 638 175 260 108 680 391 148 110 686 415 268 140 684 409 244 20 230 412 258 98 178 426
cell 2 1 3 1 0 0 54 54
0 152 300 432 480 1 154 306 456 2 158 324 552 360 156 314 492 48 392 312 482 6 422 318 506 126 56 320 516 168 368 36 518 174 254 84 560 390 146 86 566 414 266 134 564 408 242 14 206 410 252 74 176 420
cell 2 1 4 0 0 0 50 50
0 152 300 432 480 150 290 372 72 512 288 362 12 200 540 360 2 158 554 366 26 278 204 368 36 320 516 168 38 326 558 120 32 302 438 504 30 296 396 192 488 294 386 132 80 542 384 122 324 552
cell 2 2 2 0 0 1 83 0

cell 2 2 3 0 0 0 63 63
0 152 300 432 480 150 290 372 72 512 288 362 12 200 540 360 2 158 554 366 26 278 204 368 36 320 516 168 38 326 558 120 32 302 438 504 30 296 396 192 488 294 386 78 536 270 170 374 534 264 128 62 446 266 134 86 566 414 132 80 542 384 122
cell 2 3 1 0 1 0 67 67
0 152 300 432 480 1 154 306 456 4 164 348 672 361 162 338 612 49 394 336 602 7 428 342 626 127 58 344 636 169 370 42 638 175 260 108 680 391 148 110 686 415 138 104 662 295 388 102 656 271 172 380 654 265 130 68 470 268 140 684 409 244 20 230 412 258 98
cell 2 3 1 1 0 0 68 0

cell 2 3 2 0 0 0 63 63
0 152 300 432 480 150 290 372 72 512 288 362 12 200 540 360 2 158 554 366 26 278 204 368 36 320 516 168 38 326 558 120 32 302 438 504 30 296 396 192 488 294 386 78 536 270 170 374 534 264 128 62 446 266 134 86 566 414 132 80 542 384 122
cell 2 4 0 0 0 1 96 96
0 152 300 432 480 150 290 372 72 512 288 362 12 200 540 360 2 158 324 552 144 248 60 440 510 246 50 398 198 530 48 392 156 314 492 390 146 254 558 384 122 38 326 386 132 80 542 294 134 86 566 264 128 62 446 534 126 56 320 516 168 368 36 518 174 410 252 74 176 420 312 482 6 422 318 506 54 416 192 488 30 296 396 486 24 272 180 434 26 278 204 554 366 276 194 494
cell 2 4 1 0 0 0 76 76
0 152 300 432 480 150 290 372 72 512 288 362 12 200 540 360 2 158 554 366 26 278 204 368 36 320 516 168 38 326 558 120 32 302 438 504 30 296 396 192 488 294 386 78 536 270 170 374 534 264 128 62 446 266 134 564 408 242 14 206 410 252 74 518 174 254 84 560 390 146 86 566 414 132 80 542
cell 2 5 0 0 0 0 76 76
0 152 300 432 480 150 290 372 72 512 288 362 12 200 540 360 2 158 554 366 26 278 204 368 36 320 516 168 38 326 558 120 32 302 438 504 30 296 396 192 488 294 386 78 536 270 170 374 534 264 128 62 446 266 134 564 408 242 14 206 410 252 74 518 174 254 84 560 390 146 86 566 414 132 80 542
cell 3 0 4 0 0 0 65 65
0 152 300 432 480 150 290 372 72 512 288 362 12 200 540 360 2 158 554 366 26 278 204 368 36 320 516 168 38 326 558 120 32 302 438 504 30 296 396 192 488 294 386 78 536 270 170 374 534 264 128 62 446 266 134 86 566 414 132 80 542 384 122 324 552
cell 3 1 3 0 0 0 65 0

cell 3 2 2 0 0 0 78 0

cell 3 3 1 0 0 0 78 0

cell 0 0 6 0 0 2 60 60
0 152 300 432 480 150 290 372 72 512 288 362 12 200 540 360 2 158 324 552 144 248 60 440 510 246 50 398 198 530 48 392 156 314 492 390 146 254 84 560 240 8 182 444 528 6 176 420 312 482 174 410 252 74 518 408 242 14 206 564
cell 0 0 6 0 2 0 20 20
0 152 300 432 480 150 290 372 72 512 288 362 12 200 540 360 2 158 324 552
cell 0 0 7 0 1 0 20 20
0 152 300 432 480 150 290 372 72 512 288 362 12 200 540 360 2 158 324 552
cell 0 0 7 1 0 0 20 20
0 152 300 432 480 155 311 477 705 513 309 467 645 201 545 465 635 159 329 573
cell 0 0 8 0 0 0 20 20
0 152 300 432 480 150 290 372 72 512 288 362 12 200 540 360 2 158 324 552
cell 0 1 4 0 0 3 74 74
0 152 300 432 480 150 290 372 72 512 288 362 12 200 540 360 2 158 324 552 144 248 60 440 510 246 50 398 198 530 48 392 156 314 492 390 146 254 84 560 240 8 182 444 528 6 176 420 312 482 174 410 252 74 414 266 134 86 566 264 128 62 446 534 126 56 422 318 506 54 416 276 194 494
cell 0 1 5 0 1 1 40 40
0 152 300 432 480 150 290 372 72 512 288 362 12 200 540 360 2 158 324 552 144 248 60 440 510 246 50 398 198 530 48 392 156 314 492 390 146 254 84 560
cell 0 1 5 0 2 0 24 24
0 152 300 432 480 1 154 306 456 4 164 348 672 361 162 338 612 49 394 336 602 7 178 426
cell 0 1 5 1 0 1 40 40
0 152 300 432 480 150 290 372 72 512 293 383 117 712 541 381 107 670 325 557 650 247 52 404 222 250 66 464 630 145 68 470 654 265 130 468 648 241 10 188
cell 0 1 6 0 0 1 40 40
0 152 300 432 480 150 290 372 72 512 288 362 12 200 540 360 2 158 324 552 144 248 60 440 510 246 50 398 198 530 48 392 156 314 492 390 146 254 84 560
cell 0 1 6 0 1 0 24 24
0 152 300 432 480 1 154 306 456 4 164 348 672 361 162 338 612 49 394 336 602 7 178 426
cell 0 1 6 1 0 0 24 24
0 152 300 432 480 1 154 306 456 2 158 324 552 360 156 314 492 48 392 312 482 6 176 420
cell 0 1 7 0 0 0 20 20
0 152 300 432 480 150 290 372 72 512 288 362 12 200 540 360 2 158 324 552
cell 0 2 4 0 0 2 73 73
0 152 300 432 480 150 290 372 72 512 288 362 12 200 540 360 2 158 324 552 144 248 60 440 510 246 50 398 198 530 48 392 156 314 492 390 146 254 84 560 240 8 182 444 528 6 176 420 312 482 174 410 252 74 518 408 242 14 566 414 266 134 86 416 276 194 494 54 278 204 554 366 26
cell 0 2 4 0 2 0 38 38
0 152 300 432 480 150 290 372 72 512 288 362 12 200 540 360 2 158 324 552 361 4 164 674 367 28 284 228 370 42 344 636 169 44 350 678 385 124
cell 0 2 4 1 1 0 38 38
0 152 300 432 480 155 311 477 705 513 309 467 645 201 545 465 635 159 329 573 464 630 145 68 470 654 265 130 468 648 241 10 188 650 247 52 404 222
cell 0 2 4 2 0 0 48 48
0 152 300 432 480 150 290 372 72 512 293 383 117 712 541 381 107 670 325 557 103 658 277 196 500 655 267 136 92 590 654 265 130 468 648 241 10 188 650 247 52 404 222 250 66 464 630 145
cell 0 2 5 0 1 0 33 33
0 152 300 432 480 150 290 372 72 512 288 362 12 200 540 289 364 18 662 295 388 138 104 298 402 216 608 31 404 222 650 247 52
cell 0 2 5 1 0 0 38 38
0 152 300 432 480 150 290 372 72 512 293 383 117 712 541 381 107 670 325 557 380 102 656 169 370 42 344 636 367 28 284 228 674 25 274 186 458 606
cell 0 2 6 0 0 0 33 33
0 152 300 432 480 150 290 372 72 512 288 362 12 200 540 360 2 158 554 366 26 278 204 368 36 320 516 168 38 326 558 384 122
cell 0 3 2 0 0 3 87 87
0 152 300 432 480 150 290 372 72 512 288 362 12 200 540 360 2 158 324 552 144 248 60 440 510 246 50 398 198 530 48 392 156 314 492 390 146 254 84 560 240 8 182 444 528 6 176 420 312 482 174 410 252 74 518 408 242 14 566 414 266 134 86 416 276 194 494 270 170 374 78 536 168 368 36 320 516 366 26 278 204 554 24 272 180 434 486
cell 0 3 3 0 1 1 57 57
0 152 300 432 480 1 154 306 456 4 164 348 672 361 162 338 612 49 394 336 602 7 428 342 626 127 58 344 636 169 370 42 638 175 412 258 98 418 282 218 614 55 284 228 674 367 28 230 684 409 244 20 686 415 268 140 110
cell 0 3 3 0 2 0 42 42
0 152 300 432 480 150 290 372 72 512 288 362 12 200 540 360 2 158 324 552 3 160 330 577 603 9 184 580 613 51 400 211 616 61 442 523 219 64 452 583 627 129
cell 0 3 3 1 0 1 58 58
0 152 300 432 480 150 290 372 72 512 293 383 117 712 541 381 107 670 325 557 380 102 656 169 370 42 344 636 367 28 284 228 674 25 274 186 458 606 174 410 252 74 518 408 242 14 206 564 240 8 182 444 528 6 176 420 312 482
cell 0 3 3 1 1 0 42 42
0 152 300 432 480 1 154 306 456 4 164 348 672 361 167 359 717 561 395 357 707 519 179 431 356 702 505 43 346 642 193 490 343 628 133 82 548 625 123 40 332 582
cell 0 3 3 2 0 0 48 48
0 152 300 432 480 150 290 372 72 512 293 383 117 712 541 381 107 670 325 557 103 658 277 196 500 655 267 136 92 590 654 265 130 468 648 241 10 188 650 247 52 404 222 250 66 464 630 145
cell 0 3 4 0 0 1 53 53
0 152 300 432 480 150 290 372 72 512 288 362 12 200 540 360 2 158 324 552 144 248 60 440 510 246 50 398 198 530 48 392 156 314 492 390 146 254 558 384 122 38 326 386 132 80 542 294 134 86 566 414 266
cell 0 3 4 0 1 0 37 37
0 152 300 432 480 1 154 306 456 4 164 348 672 361 162 338 612 49 394 336 602 7 428 342 626 127 58 344 636 169 370 42 638 175 412 258 98
cell 0 3 4 1 0 0 38 38
0 152 300 432 480 150 290 372 72 512 293 383 117 712 541 381 107 670 325 557 380 102 656 169 370 42 344 636 367 28 284 228 674 25 274 186 458 606
cell 0 3 5 0 0 0 33 33
0 152 300 432 480 150 290 372 72 512 288 362 12 200 540 360 2 158 554 366 26 278 204 368 36 320 516 168 38 326 558 384 122
cell 0 4 2 0 0 2 86 86
0 152 300 432 480 150 290 372 72 512 288 362 12 200 540 360 2 158 324 552 144 248 60 440 510 246 50 398 198 530 48 392 156 314 492 390 146 254 84 560 240 8 182 444 528 6 176 420 312 482 174 410 252 74 518 408 242 14 566 414 266 134 86 416 276 194 494 54 278 204 554 24 272 180 434 486 270 170 374 78 536 168 368 36 320 516
cell 0 4 2 0 2 0 56 56
0 152 300 432 480 150 290 372 72 512 288 362 12 200 540 360 2 158 554 366 26 278 204 368 36 320 516 168 38 326 558 384 122 327 563 405 227 671 560 390 146 86 566 414 266 134 564 408 242 14 206 410 252 74 518 174
cell 0 4 2 1 1 0 56 56
0 152 300 432 480 150 290 372 72 512 288 362 12 200 540 360 2 158 325 557 381 107 670 555 371 47 358 715 367 28 284 228 674 25 274 186 458 606 270 170 374 534 264 128 62 446 266 134 86 566 414 132 80 542 294 386
cell 0 4 2 2 0 0 66 66
0 152 300 432 480 150 290 372 72 512 288 362 12 200 540 360 2 158 325 557 381 107 670 555 371 47 358 715 367 28 284 228 674 25 274 186 458 606 273 185 455 591 657 183 449 549 345 641 182 444 528 6 176 420 312 482 174 410 252 74 518 408 242 14 206 564
cell 0 4 3 0 1 0 46 46
0 152 300 432 480 150 290 372 72 512 288 362 12 200 540 289 364 18 662 295 388 138 104 298 402 216 608 31 404 222 650 49 394 162 338 612 391 148 260 108 680 145 250 66 464 630
cell 0 4 3 1 0 0 51 51
0 152 300 432 480 150 290 372 72 512 288 362 12 200 540 360 2 158 325 557 381 107 670 555 371 47 358 715 367 28 284 228 674 25 274 186 458 606 24 272 180 488 30 296 396 192 32 302 438 504 120
cell 0 4 4 0 0 0 46 46
0 152 300 432 480 150 290 372 72 512 288 362 12 200 540 360 2 158 325 557 381 107 670 555 371 47 358 715 554 366 26 206 564 408 242 14 566 414 266 134 86 416 276 194 494 54
cell 0 5 0 0 0 3 106 106
0 152 300 432 480 150 290 372 72 512 288 362 12 200 540 360 2 158 324 552 144 248 60 440 510 246 50 398 198 530 48 392 156 314 492 390 146 254 84 560 240 8 182 444 528 6 176 420 312 482 174 410 252 74 518 408 242 14 566 414 266 134 86 416 276 194 494 54 278 204 554 24 272 180 434 486 270 170 374 78 536 168 368 36 320 516 30 296 396 192 488 294 386 132 80 542 384 122 38 326 558 120 32 302 438 504
cell 0 5 1 0 1 1 70 70
0 152 300 432 480 1 154 306 456 4 164 348 672 361 162 338 612 49 394 336 602 7 428 342 626 127 58 344 636 169 370 42 638 175 412 258 98 418 282 218 614 55 284 228 674 367 28 230 684 409 244 20 686 415 268 108 680 391 148 260 678 385 124 44 350 388 138 104 662 295
cell 0 5 1 0 2 0 56 56
0 152 300 432 480 150 290 372 72 512 288 362 12 200 540 360 2 158 554 366 26 278 204 368 36 320 516 168 38 326 558 384 122 327 563 405 227 671 560 390 146 86 566 414 266 134 564 408 242 14 206 410 252 74 518 174
cell 0 5 1 1 0 1 71 71
0 152 300 432 480 150 290 372 72 512 288 362 12 200 540 360 2 158 324 552 144 248 60 440 510 246 50 398 198 530 48 392 156 314 492 390 146 254 559 389 143 118 716 385 124 44 350 678 121 34 308 462 624 31 298 402 606 25 274 186 458 28 284 228 674 367 282 218 614 55 418
cell 0 5 1 1 1 0 56 56
0 152 300 432 480 150 290 372 72 512 288 362 12 200 540 360 2 158 325 557 381 107 670 555 371 47 358 715 367 28 284 228 674 25 274 186 458 606 270 170 374 534 264 128 62 446 266 134 86 566 414 132 80 542 294 386
cell 0 5 1 2 0 0 65 65
0 152 300 432 480 150 290 372 72 512 288 362 12 200 540 360 2 158 325 557 381 107 670 555 371 47 358 715 367 28 284 228 674 25 274 186 458 606 273 185 455 591 657 183 449 549 345 641 444 528 6 176 420 312 482 174 410 252 74 518 408 242 14 206 564
cell 0 5 2 0 0 1 66 66
0 152 300 432 480 150 290 372 72 512 288 362 12 200 540 360 2 158 324 552 144 248 60 440 510 246 50 398 198 530 48 392 156 314 492 390 146 254 558 384 122 38 326 386 132 80 542 294 134 86 566 264 128 62 446 534 126 56 422 318 506 54 416 276 194 494
cell 0 5 2 0 1 0 50 50
0 152 300 432 480 150 290 372 72 512 288 362 12 200 540 360 2 158 324 552 361 4 350 678 385 124 44 680 391 148 260 108 394 162 338 52 404 222 650 247 402 216 608 31 298 218 614 55 418 282
cell 0 5 2 1 0 0 51 51
0 152 300 432 480 150 290 372 72 512 288 362 12 200 540 360 2 158 325 557 381 107 670 555 371 47 358 715 367 28 284 228 674 25 274 186 458 606 24 272 180 488 30 296 396 192 32 302 438 504 120
cell 0 5 3 0 0 0 46 46
0 152 300 432 480 150 290 372 72 512 288 362 12 200 540 360 2 158 325 557 381 107 670 555 371 47 358 715 554 366 26 206 564 408 242 14 566 414 266 134 86 416 276 194 494 54
cell 0 6 0 0 0 2 94 94
0 152 300 432 480 150 290 372 72 512 288 362 12 200 540 360 2 158 324 552 144 248 60 440 510 246 50 398 198 530 48 392 156 314 492 390 146 254 558 384 122 38 326 386 132 80 542 294 134 86 566 264 128 62 446 534 126 56 422 318 506 54 416 276 194 494 270 170 374 78 536 168 368 36 320 516 366 26 278 204 554 24 272 180 488 30 296 396 192 32 302 438 504 120
cell 0 6 0 0 2 0 69 69
0 152 300 432 480 150 290 372 72 512 288 362 12 200 540 360 2 158 554 366 26 278 204 368 36 320 516 168 38 326 558 120 32 302 438 504 30 296 396 192 488 294 386 132 80 542 387 137 94 596 679 134 86 566 264 128 62 446 534 126 56 422 318 506 54 416 276 194 494
cell 0 6 0 1 1 0 64 64
0 152 300 432 480 150 290 372 72 512 288 362 12 200 540 360 2 158 554 366 26 278 204 368 36 320 516 168 38 326 558 120 32 302 438 504 30 296 396 192 488 299 407 237 713 543 404 222 650 49 394 162 338 612 391 148 260 108 680 145 250 66 464 630
cell 0 6 0 2 0 0 69 69
0 152 300 432 480 150 290 372 72 512 288 362 12 200 540 360 2 158 554 366 26 278 204 368 36 320 516 168 40 332 582 625 123 331 581 615 421 317 503 111 688 315 497 69 472 667 493 53 406 235 700 50 398 198 248 60 440 510 144 62 446 534 264 128 444 528 240 8 182
cell 0 6 1 0 1 0 54 54
0 152 300 432 480 150 290 372 72 512 288 362 12 200 540 360 2 158 325 557 381 107 670 554 366 26 206 564 408 242 14 566 414 266 134 86 416 276 194 56 422 318 506 126 420 312 482 6 176 314 492 48 392 156
cell 0 6 1 1 0 0 59 59
0 152 300 432 480 150 290 372 72 512 288 362 12 200 540 365 23 238 714 553 20 230 684 240 8 182 444 528 241 10 188 650 247 52 404 222 250 66 464 630 145 68 470 654 127 58 428 342 626 55 418 282 218 614 415 268 140 110 686
cell 0 6 2 0 0 0 59 59
0 152 300 432 480 150 290 372 72 512 288 362 12 200 540 360 2 158 325 557 381 107 670 555 371 47 358 715 554 366 26 206 564 408 242 14 566 414 266 134 86 416 276 194 56 422 318 506 126 420 312 482 6 176 314 492 48 392 156
cell 0 7 0 0 0 1 79 79
0 152 300 432 480 150 290 372 72 512 288 362 12 200 540 360 2 158 554 366 26 278 204 368 36 320 516 168 38 326 558 384 122 564 408 242 14 206 410 252 74 518 174 254 84 560 390 146 86 566 414 132 80 542 294 386 78 536 270 170 374 534 264 128 444 528 240 8 182 530 246 50 398 198 248 60 440 510 144
cell 0 7 0 0 1 0 58 58
0 152 300 432 480 150 290 372 72 512 288 362 12 200 540 360 2 158 554 366 26 278 204 368 36 320 516 168 38 326 558 120 32 302 438 504 30 296 396 192 488 294 386 78 536 270 170 374 534 264 128 62 446 266 134 86 566 414
cell 0 7 0 1 0 0 63 63
0 152 300 432 480 150 290 372 72 512 293 383 117 712 541 381 107 670 325 557 104 662 385 124 44 350 678 121 34 308 462 624 31 298 402 606 25 274 186 458 28 284 228 674 367 282 218 614 415 268 140 110 686 265 130 68 470 654 127 58 428 342 626
cell 0 7 1 0 0 0 58 58
0 152 300 432 480 150 290 372 72 512 288 362 12 200 540 289 364 222 650 247 52 404 648 241 10 188 468 244 20 230 412 258 98 638 175 260 108 680 391 148 110 686 415 138 104 662 295 388 102 656 271 172 380 654 265 130 68 470
cell 0 8 0 0 0 0 62 62
0 152 300 432 480 150 290 372 72 512 288 362 12 200 540 360 2 158 554 366 26 278 204 368 36 320 516 168 38 326 558 120 32 302 506 126 56 422 318 128 62 446 534 264 60 440 510 246 50 398 198 530 48 392 156 314 492 390 146 254 84 560
cell 1 0 6 0 0 1 55 55
0 152 300 432 480 150 290 372 72 512 288 362 12 200 540 360 2 158 324 552 144 248 60 440 510 246 50 398 198 530 48 392 156 314 492 390 146 254 558 384 122 38 326 386 132 80 542 294 134 86 566 414 266 84 560
cell 1 0 6 0 1 0 35 35
0 152 300 432 480 150 290 372 72 512 288 362 12 200 540 360 2 158 554 366 26 278 204 368 36 320 516 168 38 326 558 384 122 324 552
cell 1 0 6 1 0 0 35 35
0 152 300 432 480 155 311 477 705 513 309 467 645 201 545 465 635 159 575 471 659 279 209 473 669 321 521 189 671 327 563 405 227 329 573
cell 1 0 7 0 0 0 35 35
0 152 300 432 480 150 290 372 72 512 288 362 12 200 540 360 2 158 554 366 26 278 204 368 36 320 516 168 38 326 558 384 122 324 552
cell 1 1 4 0 0 2 75 75
0 152 300 432 480 150 290 372 72 512 288 362 12 200 540 360 2 158 324 552 144 248 60 440 510 246 50 398 198 530 48 392 156 314 492 390 146 254 84 560 240 8 182 444 528 6 176 420 312 482 174 410 252 74 518 408 242 14 566 414 266 134 86 416 276 194 494 54 278 204 554 366 26 206 564
cell 1 1 5 0 1 0 39 39
0 152 300 432 480 1 154 306 456 4 164 348 672 361 162 338 612 49 394 336 602 7 428 342 626 127 58 344 636 169 370 42 638 175 412 258 98 178 426
cell 1 1 5 1 0 0 39 39
0 152 300 432 480 1 154 306 456 2 158 324 552 360 156 314 492 48 392 312 482 6 422 318 506 126 56 320 516 168 368 36 518 174 410 252 74 176 420
cell 1 1 6 0 0 0 35 35
0 152 300 432 480 150 290 372 72 512 288 362 12 200 540 360 2 158 554 366 26 278 204 368 36 320 516 168 38 326 558 384 122 324 552
cell 1 2 4 0 0 1 68 68
0 152 300 432 480 150 290 372 72 512 288 362 12 200 540 360 2 158 324 552 144 248 60 440 510 246 50 398 198 530 48 392 156 314 492 390 146 254 558 384 122 38 326 386 132 80 542 294 134 86 566 264 128 62 446 534 126 56 422 318 506 54 416 276 194 494 414 266
cell 1 2 4 0 1 0 48 48
0 152 300 432 480 150 290 372 72 512 288 362 12 200 540 289 364 18 662 295 388 138 104 298 402 216 608 31 404 222 650 49 394 162 338 612 391 148 260 108 680 145 250 66 464 630 247 52
cell 1 2 4 1 0 0 53 53
0 152 300 432 480 150 290 372 72 512 293 383 117 712 541 381 107 670 325 557 380 102 656 169 370 42 344 636 367 28 230 684 409 244 20 686 415 268 140 110 418 282 218 614 55 284 228 674 25 274 186 458 606
cell 1 2 5 0 0 0 48 48
0 152 300 432 480 150 290 372 72 512 288 362 12 200 540 360 2 158 554 366 26 278 204 368 36 320 516 168 38 326 558 120 32 302 438 504 30 296 396 192 488 294 386 132 80 542 384 122
cell 1 3 2 0 0 2 88 0

cell 1 3 3 0 1 0 52 52
0 152 300 432 480 1 154 306 456 4 164 348 672 361 162 338 612 49 394 336 602 7 428 342 626 127 58 344 636 169 370 42 638 175 260 108 680 391 148 110 686 415 268 140 684 409 244 20 230 412 258 98
cell 1 3 3 1 0 0 53 53
0 152 300 432 480 150 290 372 72 512 293 383 117 712 541 381 107 670 325 557 380 102 656 169 370 42 344 636 367 28 230 684 409 244 20 686 415 268 140 110 418 282 218 614 55 284 228 674 25 274 186 458 606
cell 1 3 4 0 0 0 48 48
0 152 300 432 480 150 290 372 72 512 288 362 12 200 540 360 2 158 554 366 26 278 204 368 36 320 516 168 38 326 558 120 32 302 438 504 30 296 396 192 488 294 386 132 80 542 384 122
cell 1 4 2 0 0 1 81 81
0 152 300 432 480 150 290 372 72 512 288 362 12 200 540 360 2 158 324 552 144 248 60 440 510 246 50 398 198 530 48 392 156 314 492 390 146 254 558 384 122 38 326 386 132 80 542 294 134 86 566 264 128 62 446 534 126 56 422 318 506 54 416 192 488 30 296 396 486 24 272 180 434 26 278 204 554 366 276 194 494
cell 1 4 2 0 1 0 61 61
0 152 300 432 480 150 290 372 72 512 288 362 12 200 540 289 364 18 662 295 388 138 104 298 402 216 608 31 404 222 650 49 394 162 338 612 391 148 260 108 680 145 250 462 624 121 34 308 626 127 58 428 342 130 68 470 654 265 66 464 630
cell 1 4 2 1 0 0 66 66
0 152 300 432 480 150 290 372 72 512 288 362 12 200 540 360 2 158 325 557 381 107 670 555 371 47 358 715 367 28 284 228 674 25 274 186 458 606 24 272 180 488 30 296 396 192 32 302 506 126 56 422 318 128 62 446 534 264 60 440 510 144 248 438 504 120
cell 1 4 3 0 0 0 61 61
0 152 300 432 480 150 290 372 72 512 288 362 12 200 540 360 2 158 325 557 381 107 670 555 371 47 358 715 554 366 26 206 564 408 242 14 566 414 266 134 86 416 276 194 56 422 318 506 126 420 312 482 6 176 314 492 48 392 156 494 54
cell 1 5 0 0 0 2 101 101
0 152 300 432 480 150 290 372 72 512 288 362 12 200 540 360 2 158 324 552 144 248 60 440 510 246 50 398 198 530 48 392 156 314 492 390 146 254 84 560 240 8 182 444 528 6 176 420 312 482 174 410 252 74 518 408 242 14 566 414 266 134 86 416 276 194 494 54 278 204 554 24 272 180 434 486 270 170 374 78 536 168 368 318 506 126 56 422 504 120 32 302 438 122 38 326 558 384 36 320 516
cell 1 5 1 0 1 0 65 65
0 152 300 432 480 150 290 372 72 512 288 362 12 200 540 360 2 158 324 552 361 4 350 678 385 124 44 680 391 148 260 108 394 162 338 52 404 222 650 247 402 216 608 31 298 218 614 55 284 228 674 367 28 230 684 409 244 20 686 415 268 140 110 418 282
cell 1 5 1 1 0 0 66 66
0 152 300 432 480 150 290 372 72 512 288 362 12 200 540 360 2 158 554 366 26 278 204 368 36 320 516 168 40 332 582 625 123 331 581 615 421 317 503 111 688 315 497 469 653 255 89 574 651 249 65 454 589 251 71 478 709 531 69 472 667 495 59 430 355 701
cell 1 5 2 0 0 0 61 61
0 152 300 432 480 150 290 372 72 512 288 362 12 200 540 360 2 158 325 557 381 107 670 555 371 47 358 715 554 366 26 206 564 408 242 14 566 414 266 134 86 416 276 194 56 422 318 506 126 420 312 482 6 176 314 492 48 392 156 494 54
cell 1 6 0 0 0 1 94 94
0 152 300 432 480 150 290 372 72 512 288 362 12 200 540 360 2 158 554 366 26 278 204 368 36 320 516 168 38 326 558 384 122 564 408 242 14 206 410 252 74 518 174 254 84 560 390 146 86 566 414 132 80 542 294 386 78 536 270 170 374 534 264 128 444 528 240 8 182 530 246 396 192 488 30 296 194 494 54 416 276 492 48 392 156 314 50 398 198 248 60 440 510 144
cell 1 6 0 0 1 0 65 65
0 152 300 432 480 150 290 372 72 512 288 362 12 200 540 360 2 158 324 552 3 160 578 607 27 280 210 610 37 322 522 217 40 332 582 125 46 356 702 505 43 346 642 193 490 343 628 79 538 283 220 620 535 269 142 116 710 267 136 92 590 655 133 82 548
cell 1 6 0 1 0 0 69 69
0 152 300 432 480 150 290 372 72 512 288 362 12 200 540 365 23 238 714 553 20 230 684 240 8 182 530 246 50 398 198 248 60 440 510 144 62 446 534 126 56 422 318 506 54 416 276 194 494 414 266 84 560 390 146 254 558 384 122 38 326 386 132 80 542 294 134 86 566
cell 1 6 1 0 0 0 69 69
0 152 300 432 480 150 290 372 72 512 288 362 12 200 540 360 2 158 325 557 381 107 670 554 366 26 206 564 408 242 14 566 414 266 134 86 416 276 194 56 422 318 506 126 420 312 482 6 176 314 492 390 146 254 84 560 144 248 60 440 510 246 50 398 198 530 48 392 156
cell 1 7 0 0 0 0 73 73
0 152 300 432 480 150 290 372 72 512 288 362 12 200 540 360 2 158 554 366 26 278 204 368 36 320 516 168 38 326 558 120 32 302 438 504 30 296 396 192 488 294 386 78 536 270 170 374 534 264 128 62 446 266 134 564 408 242 14 206 410 252 74 518 174 254 84 560 390 146 86 566 414
cell 2 0 6 0 0 0 50 50
0 152 300 432 480 150 290 372 72 512 288 362 12 200 540 360 2 158 554 366 26 278 204 368 36 320 516 168 38 326 558 120 32 302 438 504 30 296 396 192 488 294 386 132 80 542 384 122 324 552
cell 2 1 4 0 0 1 70 0

cell 2 1 5 0 0 0 50 50
0 152 300 432 480 150 290 372 72 512 288 362 12 200 540 360 2 158 554 366 26 278 204 368 36 320 516 168 38 326 558 120 32 302 438 504 30 296 396 192 488 294 386 132 80 542 384 122 324 552
cell 2 2 4 0 0 0 63 63
0 152 300 432 480 150 290 372 72 512 288 362 12 200 540 360 2 158 554 366 26 278 204 368 36 320 516 168 38 326 558 120 32 302 438 504 30 296 396 192 488 294 386 78 536 270 170 374 534 264 128 62 446 266 134 86 566 414 132 80 542 384 122
cell 2 3 2 0 0 1 83 0

cell 2 3 3 0 0 0 63 63
0 152 300 432 480 150 290 372 72 512 288 362 12 200 540 360 2 158 554 366 26 278 204 368 36 320 516 168 38 326 558 120 32 302 438 504 30 296 396 192 488 294 386 78 536 270 170 374 534 264 128 62 446 266 134 86 566 414 132 80 542 384 122
cell 2 4 2 0 0 0 76 0

cell 2 5 0 0 0 1 96 96
0 152 300 432 480 150 290 372 72 512 288 362 12 200 540 360 2 158 324 552 144 248 60 440 510 246 50 398 198 530 48 392 156 314 492 390 146 254 558 384 122 38 326 386 132 80 542 294 134 86 566 264 128 62 446 534 126 56 320 516 168 368 36 518 174 410 252 74 176 420 312 482 6 422 318 506 54 416 192 488 30 296 396 486 24 272 180 434 26 278 204 554 366 276 194 494
cell 2 5 1 0 0 0 76 0

cell 2 6 0 0 0 0 79 79
0 152 300 432 480 150 290 372 72 512 288 362 12 200 540 360 2 158 554 366 26 278 204 368 36 320 516 168 38 326 558 120 32 302 506 126 56 422 318 128 62 446 534 264 60 440 510 246 50 398 198 530 48 392 156 314 492 390 146 86 566 414 266 134 564 408 242 14 206 410 252 74 518 174 254 84 560 144 248
cell 3 1 4 0 0 0 65 0

cell 3 3 2 0 0 0 78 0

cell 0 0 7 0 1 1 40 40
0 152 300 432 480 150 290 372 72 512 288 362 12 200 540 360 2 158 324 552 144 248 60 440 510 246 50 398 198 530 48 392 156 314 492 390 146 254 84 560
cell 0 0 7 1 0 1 40 40
0 152 300 432 480 150 290 372 72 512 293 383 117 712 541 381 107 670 325 557 650 247 52 404 222 250 66 464 630 145 68 470 654 265 130 468 648 241 10 188
cell 0 0 8 0 0 1 40 40
0 152 300 432 480 150 290 372 72 512 288 362 12 200 540 360 2 158 324 552 144 248 60 440 510 246 50 398 198 530 48 392 156 314 492 390 146 254 84 560
cell 0 0 8 0 1 0 20 20
0 152 300 432 480 150 290 372 72 512 288 362 12 200 540 360 2 158 324 552
cell 0 0 8 1 0 0 20 20
0 152 300 432 480 155 311 477 705 513 309 467 645 201 545 465 635 159 329 573
cell 0 0 9 0 0 0 20 20
0 152 300 432 480 150 290 372 72 512 288 362 12 200 540 360 2 158 324 552
cell 0 1 6 0 0 2 60 60
0 152 300 432 480 150 290 372 72 512 288 362 12 200 540 360 2 158 324 552 144 248 60 440 510 246 50 398 198 530 48 392 156 314 492 390 146 254 84 560 240 8 182 444 528 6 176 420 312 482 174 410 252 74 518 408 242 14 206 564
cell 0 1 6 0 2 0 24 24
0 152 300 432 480 1 154 306 456 4 164 348 672 361 162 338 612 49 394 336 602 7 178 426
cell 0 1 7 0 1 0 24 24
0 152 300 432 480 1 154 306 456 4 164 348 672 361 162 338 612 49 394 336 602 7 178 426
cell 0 1 7 1 0 0 24 24
0 152 300 432 480 1 154 306 456 2 158 324 552 360 156 314 492 48 392 312 482 6 176 420
cell 0 1 8 0 0 0 20 20
0 152 300 432 480 150 290 372 72 512 288 362 12 200 540 360 2 158 324 552
cell 0 2 5 0 1 1 53 53
0 152 300 432 480 150 290 372 72 512 288 362 12 200 540 289 364 18 662 295 388 138 104 298 402 216 608 31 404 222 650 247 52 656 271 172 380 102 274 186 458 606 25 188 468 648 241 10 470 654 265 130 68
cell 0 2 5 0 2 0 38 38
0 152 300 432 480 150 290 372 72 512 288 362 12 200 540 360 2 158 324 552 361 4 164 674 367 28 284 228 370 42 344 636 169 44 350 678 385 124
cell 0 2 5 1 0 1 58 58
0 152 300 432 480 150 290 372 72 512 293 383 117 712 541 381 107 670 325 557 380 102 656 169 370 42 344 636 367 28 284 228 674 25 274 186 458 606 174 410 252 74 518 408 242 14 206 564 240 8 182 444 528 6 176 420 312 482
cell 0 2 6 0 0 1 53 53
0 152 300 432 480 150 290 372 72 512 288 362 12 200 540 360 2 158 324 552 144 248 60 440 510 246 50 398 198 530 48 392 156 314 492 390 146 254 558 384 122 38 326 386 132 80 542 294 134 86 566 414 266
cell 0 2 6 0 1 0 33 33
0 152 300 432 480 150 290 372 72 512 288 362 12 200 540 289 364 18 662 295 388 138 104 298 402 216 608 31 404 222 650 247 52
cell 0 2 6 1 0 0 38 38
0 152 300 432 480 150 290 372 72 512 293 383 117 712 541 381 107 670 325 557 380 102 656 169 370 42 344 636 367 28 284 228 674 25 274 186 458 606
cell 0 2 7 0 0 0 33 33
0 152 300 432 480 150 290 372 72 512 288 362 12 200 540 360 2 158 554 366 26 278 204 368 36 320 516 168 38 326 558 384 122
cell 0 3 4 0 0 2 73 73
0 152 300 432 480 150 290 372 72 512 288 362 12 200 540 360 2 158 324 552 144 248 60 440 510 246 50 398 198 530 48 392 156 314 492 390 146 254 84 560 240 8 182 444 528 6 176 420 312 482 174 410 252 74 518 408 242 14 566 414 266 134 86 416 276 194 494 54 278 204 554 366 26
cell 0 3 4 0 2 0 42 42
0 152 300 432 480 150 290 372 72 512 288 362 12 200 540 360 2 158 324 552 3 160 330 577 603 9 184 580 613 51 400 211 616 61 442 523 219 64 452 583 627 129
cell 0 3 4 1 1 0 42 42
0 152 300 432 480 1 154 306 456 4 164 348 672 361 167 359 717 561 395 357 707 519 179 431 356 702 505 43 346 642 193 490 343 628 133 82 548 625 123 40 332 582
cell 0 3 4 2 0 0 48 48
0 152 300 432 480 150 290 372 72 512 293 383 117 712 541 381 107 670 325 557 103 658 277 196 500 655 267 136 92 590 654 265 130 468 648 241 10 188 650 247 52 404 222 250 66 464 630 145
cell 0 3 5 0 1 0 37 37
0 152 300 432 480 1 154 306 456 4 164 348 672 361 162 338 612 49 394 336 602 7 428 342 626 127 58 344 636 169 370 42 638 175 412 258 98
cell 0 3 5 1 0 0 38 38
0 152 300 432 480 150 290 372 72 512 293 383 117 712 541 381 107 670 325 557 380 102 656 169 370 42 344 636 367 28 284 228 674 25 274 186 458 606
cell 0 3 6 0 0 0 33 33
0 152 300 432 480 150 290 372 72 512 288 362 12 200 540 360 2 158 554 366 26 278 204 368 36 320 516 168 38 326 558 384 122
cell 0 4 3 0 1 1 66 66
0 152 300 432 480 150 290 372 72 512 288 362 12 200 540 289 364 18 662 295 388 138 104 298 402 216 608 31 404 222 650 247 52 656 271 172 380 102 274 186 458 606 25 188 468 648 241 10 470 654 265 66 464 630 145 250 462 624 121 34 308 626 127 58 428 342
cell 0 4 3 0 2 0 56 56
0 152 300 432 480 150 290 372 72 512 288 362 12 200 540 360 2 158 554 366 26 278 204 368 36 320 516 168 38 326 558 384 122 327 563 405 227 671 560 390 146 86 566 414 266 134 564 408 242 14 206 410 252 74 518 174
cell 0 4 3 1 0 1 71 71
0 152 300 432 480 150 290 372 72 512 288 362 12 200 540 360 2 158 324 552 144 248 60 440 510 246 50 398 198 530 48 392 156 314 492 390 146 254 85 562 403 221 622 559 389 143 118 716 385 124 44 350 678 121 34 308 462 624 120 32 302 506 126 56 422 318 128 62 446 534 264
cell 0 4 3 1 1 0 56 56
0 152 300 432 480 150 290 372 72 512 288 362 12 200 540 360 2 158 325 557 381 107 670 555 371 47 358 715 367 28 284 228 674 25 274 186 458 606 270 170 374 534 264 128 62 446 266 134 86 566 414 132 80 542 294 386
cell 0 4 3 2 0 0 66 66
0 152 300 432 480 150 290 372 72 512 288 362 12 200 540 360 2 158 325 557 381 107 670 555 371 47 358 715 367 28 284 228 674 25 274 186 458 606 273 185 455 591 657 183 449 549 345 641 182 444 528 6 176 420 312 482 174 410 252 74 518 408 242 14 206 564
cell 0 4 4 0 0 1 66 66
0 152 300 432 480 150 290 372 72 512 288 362 12 200 540 360 2 158 324 552 144 248 60 440 510 246 50 398 198 530 48 392 156 314 492 390 146 254 558 384 122 38 326 386 132 80 542 294 134 86 566 264 128 62 446 534 126 56 422 318 506 54 416 276 194 494
cell 0 4 4 0 1 0 46 46
0 152 300 432 480 150 290 372 72 512 288 362 12 200 540 289 364 18 662 295 388 138 104 298 402 216 608 31 404 222 650 49 394 162 338 612 391 148 260 108 680 145 250 66 464 630
cell 0 4 4 1 0 0 51 51
0 152 300 432 480 150 290 372 72 512 288 362 12 200 540 360 2 158 325 557 381 107 670 555 371 47 358 715 367 28 284 228 674 25 274 186 458 606 24 272 180 488 30 296 396 192 32 302 438 504 120
cell 0 4 5 0 0 0 46 46
0 152 300 432 480 150 290 372 72 512 288 362 12 200 540 360 2 158 325 557 381 107 670 555 371 47 358 715 554 366 26 206 564 408 242 14 566 414 266 134 86 416 276 194 494 54
cell 0 5 2 0 0 2 86 86
0 152 300 432 480 150 290 372 72 512 288 362 12 200 540 360 2 158 324 552 144 248 60 440 510 246 50 398 198 530 48 392 156 314 492 390 146 254 84 560 240 8 182 444 528 6 176 420 312 482 174 410 252 74 518 408 242 14 566 414 266 134 86 416 276 194 494 54 278 204 554 24 272 180 434 486 270 170 374 78 536 168 368 36 320 516
cell 0 5 2 0 2 0 56 56
0 152 300 432 480 150 290 372 72 512 288 362 12 200 540 360 2 158 554 366 26 278 204 368 36 320 516 168 38 326 558 384 122 327 563 405 227 671 560 390 146 86 566 414 266 134 564 408 242 14 206 410 252 74 518 174
cell 0 5 2 1 1 0 56 56
0 152 300 432 480 150 290 372 72 512 288 362 12 200 540 360 2 158 325 557 381 107 670 555 371 47 358 715 367 28 284 228 674 25 274 186 458 606 270 170 374 534 264 128 62 446 266 134 86 566 414 132 80 542 294 386
cell 0 5 2 2 0 0 66 66
0 152 300 432 480 150 290 372 72 512 288 362 12 200 540 360 2 158 325 557 381 107 670 555 371 47 358 715 367 28 284 228 674 25 274 186 458 606 273 185 455 591 657 183 449 549 345 641 182 444 528 6 176 420 312 482 174 410 252 74 518 408 242 14 206 564
cell 0 5 3 0 1 0 50 50
0 152 300 432 480 1 154 306 456 4 164 348 672 361 162 338 612 49 394 336 602 7 179 431 357 707 519 429 347 647 207 569 428 342 626 55 418 282 218 614 415 268 140 110 686 265 130 68 470 654
cell 0 5 3 1 0 0 51 51
0 152 300 432 480 150 290 372 72 512 288 362 12 200 540 360 2 158 325 557 381 107 670 555 371 47 358 715 367 28 284 228 674 25 274 186 458 606 24 272 180 488 30 296 396 192 32 302 438 504 120
cell 0 5 4 0 0 0 46 46
0 152 300 432 480 150 290 372 72 512 288 362 12 200 540 360 2 158 325 557 381 107 670 555 371 47 358 715 554 366 26 206 564 408 242 14 566 414 266 134 86 416 276 194 494 54
cell 0 6 1 0 1 1 79 79
0 152 300 432 480 150 290 372 72 512 288 362 12 200 540 289 364 18 662 295 388 138 104 298 402 216 608 31 404 222 650 247 52 656 271 172 380 102 274 186 458 606 25 188 468 648 241 10 470 654 265 66 464 630 145 250 462 624 121 34 308 626 127 58 344 636 169 370 42 638 175 412 258 98 178 426 336 602 7
cell 0 6 1 0 2 0 69 69
0 152 300 432 480 150 290 372 72 512 288 362 12 200 540 360 2 158 554 366 26 278 204 368 36 320 516 168 38 326 558 120 32 302 438 504 30 296 396 192 488 294 386 132 80 542 387 137 94 596 679 134 86 566 264 128 62 446 534 126 56 422 318 506 54 416 276 194 494
cell 0 6 1 1 0 1 79 79
0 152 300 432 480 150 290 372 72 512 293 383 117 712 541 381 107 670 325 557 380 102 656 169 370 42 344 636 367 28 284 228 674 25 274 186 458 606 174 410 252 74 518 408 242 14 206 564 240 8 182 530 246 50 398 198 248 60 440 510 144 62 446 534 126 56 422 318 506 54 416 276 194 494 414 266 134 86 566
cell 0 6 1 1 1 0 64 64
0 152 300 432 480 150 290 372 72 512 288 362 12 200 540 360 2 158 325 557 381 107 670 555 371 47 358 715 369 41 334 595 675 37 322 522 217 610 318 506 126 420 312 482 6 176 314 492 48 392 156 494 54 416 192 488 30 296 396 486 24 272 180 434
cell 0 6 1 2 0 0 69 69
0 152 300 432 480 150 290 372 72 512 288 362 12 200 540 360 2 158 325 557 381 107 670 555 371 47 358 715 367 28 284 228 674 25 274 186 458 606 273 185 455 591 657 182 444 528 6 176 420 312 482 174 410 252 74 518 408 242 14 566 414 266 134 86 416 276 194 494 54
cell 0 6 2 0 0 1 79 79
0 152 300 432 480 150 290 372 72 512 288 362 12 200 540 360 2 158 324 552 144 248 60 440 510 246 50 398 198 530 48 392 156 314 492 390 146 254 558 384 122 38 326 386 132 80 542 294 134 86 566 415 268 140 110 686 265 130 68 470 654 264 128 62 536 270 170 374 78 272 180 434 486 24 182 444 528 240 8
cell 0 6 2 0 1 0 59 59
0 152 300 432 480 150 290 372 72 512 288 362 12 200 540 360 2 158 325 557 381 107 670 554 366 26 278 204 555 371 47 718 565 413 263 119 568 427 341 623 87 430 355 701 57 424 331 581 615 421 317 503 111 688 315 497 69 472 667
cell 0 6 2 1 0 0 64 64
0 152 300 432 480 150 290 372 72 512 288 362 12 200 540 360 2 158 325 557 381 107 670 555 371 47 358 715 554 366 26 206 564 408 242 14 566 414 266 134 86 418 282 218 614 55 285 233 695 537 275 191 479 711 273 185 455 591 657 183 449 549 345 641
cell 0 6 3 0 0 0 59 59
0 152 300 432 480 150 290 372 72 512 288 362 12 200 540 360 2 158 325 557 381 107 670 555 371 47 358 715 554 366 26 206 564 408 242 14 566 414 266 134 86 416 276 194 56 422 318 506 126 420 312 482 6 176 314 492 48 392 156
cell 0 7 0 0 0 2 98 98
0 152 300 432 480 150 290 372 72 512 288 362 12 200 540 360 2 158 324 552 144 248 60 440 510 246 50 398 198 530 48 392 156 314 492 390 146 254 84 560 240 8 182 444 528 6 176 420 312 482 174 410 252 74 518 408 242 14 566 414 266 134 86 416 276 194 494 54 278 204 554 24 272 180 434 486 270 170 374 78 536 168 368 318 506 126 56 422 504 120 32 302 438 122 38 326 558 384
cell 0 7 1 0 1 0 63 63
0 152 300 432 480 150 290 372 72 512 288 362 12 200 540 360 2 158 324 552 361 4 350 678 385 124 44 680 391 148 260 108 394 162 338 52 404 222 650 247 402 216 608 31 298 218 614 55 284 228 674 367 28 230 684 409 244 20 686 415 268 140 110
cell 0 7 1 1 0 0 63 63
0 152 300 432 480 155 311 477 705 513 309 467 645 201 545 465 635 159 329 573 464 630 247 52 404 222 650 49 394 162 338 612 391 148 260 678 385 124 44 350 388 138 104 662 295 140 110 686 265 130 68 470 654 127 58 428 342 626 55 418 282 218 614
cell 0 7 2 0 0 0 59 59
0 152 300 432 480 150 290 372 72 512 288 362 12 200 540 360 2 158 325 557 381 107 670 555 371 47 358 715 554 366 26 206 564 408 242 14 566 414 266 134 86 416 276 194 56 422 318 506 126 420 312 482 6 176 314 492 48 392 156
cell 0 8 0 0 0 1 92 92
0 152 300 432 480 150 290 372 72 512 288 362 12 200 540 360 2 158 554 366 26 278 204 368 36 320 516 168 38 326 558 120 32 302 438 504 30 296 396 192 488 294 386 132 80 542 126 56 422 318 506 54 416 276 194 494 414 266 134 86 566 264 128 62 536 270 170 374 78 272 180 434 486 24 182 444 528 6 176 420 312 482 174 410 252 74 518 408 242 14 206 564
cell 0 8 0 0 1 0 62 62
0 152 300 432 480 150 290 372 72 512 288 362 12 200 540 360 2 158 324 552 3 160 578 607 27 280 210 610 37 322 522 217 40 332 582 125 46 356 702 505 43 346 642 193 490 343 628 79 538 283 220 620 535 269 142 116 710 267 136 92 590 655
cell 0 8 0 1 0 0 67 67
0 152 300 432 480 150 290 372 72 512 288 362 12 200 540 365 23 238 714 553 20 230 684 241 10 188 468 648 7 178 426 336 602 175 412 258 636 169 370 342 626 127 58 428 624 121 34 308 462 124 44 350 388 138 104 662 295 140 110 686 415 268 108 680 391 148 260
cell 0 8 1 0 0 0 67 67
0 152 300 432 480 150 290 372 72 512 288 362 12 200 540 360 2 158 554 366 26 278 204 368 36 320 516 168 38 326 558 385 124 44 350 678 120 32 302 506 126 56 422 318 128 62 446 534 264 60 440 510 246 50 398 198 530 48 392 156 314 492 390 146 254 84 560
cell 0 9 0 0 0 0 66 66
0 152 300 432 480 150 290 372 72 512 288 362 12 200 540 360 2 158 554 366 26 278 204 368 36 320 516 168 38 326 558 120 32 302 438 504 30 296 396 192 488 294 386 78 536 270 170 374 534 264 128 444 528 240 8 182 530 246 50 398 198 248 60 440 510 144
cell 1 0 7 0 1 0 35 35
0 152 300 432 480 150 290 372 72 512 288 362 12 200 540 360 2 158 554 366 26 278 204 368 36 320 516 168 38 326 558 384 122 324 552
cell 1 0 7 1 0 0 35 35
0 152 300 432 480 155 311 477 705 513 309 467 645 201 545 465 635 159 575 471 659 279 209 473 669 321 521 189 671 327 563 405 227 329 573
cell 1 0 8 0 0 0 35 35
0 152 300 432 480 150 290 372 72 512 288 362 12 200 540 360 2 158 554 366 26 278 204 368 36 320 516 168 38 326 558 384 122 324 552
cell 1 1 6 0 0 1 55 55
0 152 300 432 480 150 290 372 72 512 288 362 12 200 540 360 2 158 324 552 144 248 60 440 510 246 50 398 198 530 48 392 156 314 492 390 146 254 558 384 122 38 326 386 132 80 542 294 134 86 566 414 266 84 560
cell 1 1 6 0 1 0 39 39
0 152 300 432 480 1 154 306 456 4 164 348 672 361 162 338 612 49 394 336 602 7 428 342 626 127 58 344 636 169 370 42 638 175 412 258 98 178 426
cell 1 1 6 1 0 0 39 39
0 152 300 432 480 1 154 306 456 2 158 324 552 360 156 314 492 48 392 312 482 6 422 318 506 126 56 320 516 168 368 36 518 174 410 252 74 176 420
cell 1 1 7 0 0 0 35 35
0 152 300 432 480 150 290 372 72 512 288 362 12 200 540 360 2 158 554 366 26 278 204 368 36 320 516 168 38 326 558 384 122 324 552
cell 1 2 5 0 1 0 48 48
0 152 300 432 480 150 290 372 72 512 288 362 12 200 540 289 364 18 662 295 388 138 104 298 402 216 608 31 404 222 650 49 394 162 338 612 391 148 260 108 680 145 250 66 464 630 247 52
cell 1 2 5 1 0 0 53 53
0 152 300 432 480 150 290 372 72 512 293 383 117 712 541 381 107 670 325 557 380 102 656 169 370 42 344 636 367 28 230 684 409 244 20 686 415 268 140 110 418 282 218 614 55 284 228 674 25 274 186 458 606
cell 1 2 6 0 0 0 48 48
0 152 300 432 480 150 290 372 72 512 288 362 12 200 540 360 2 158 554 366 26 278 204 368 36 320 516 168 38 326 558 120 32 302 438 504 30 296 396 192 488 294 386 132 80 542 384 122
cell 1 3 4 0 0 1 68 68
0 152 300 432 480 150 290 372 72 512 288 362 12 200 540 360 2 158 324 552 144 248 60 440 510 246 50 398 198 530 48 392 156 314 492 390 146 254 558 384 122 38 326 386 132 80 542 294 134 86 566 264 128 62 446 534 126 56 422 318 506 54 416 276 194 494 414 266
cell 1 3 4 0 1 0 52 52
0 152 300 432 480 1 154 306 456 4 164 348 672 361 162 338 612 49 394 336 602 7 428 342 626 127 58 344 636 169 370 42 638 175 260 108 680 391 148 110 686 415 268 140 684 409 244 20 230 412 258 98
cell 1 3 4 1 0 0 53 53
0 152 300 432 480 150 290 372 72 512 293 383 117 712 541 381 107 670 325 557 380 102 656 169 370 42 344 636 367 28 230 684 409 244 20 686 415 268 140 110 418 282 218 614 55 284 228 674 25 274 186 458 606
cell 1 3 5 0 0 0 48 48
0 152 300 432 480 150 290 372 72 512 288 362 12 200 540 360 2 158 554 366 26 278 204 368 36 320 516 168 38 326 558 120 32 302 438 504 30 296 396 192 488 294 386 132 80 542 384 122
cell 1 4 3 0 1 0 61 61
0 152 300 432 480 150 290 372 72 512 288 362 12 200 540 289 364 18 662 295 388 138 104 298 402 216 608 31 404 222 650 49 394 162 338 612 391 148 260 108 680 145 250 462 624 121 34 308 626 127 58 428 342 130 68 470 654 265 66 464 630
cell 1 4 3 1 0 0 66 66
0 152 300 432 480 150 290 372 72 512 288 362 12 200 540 360 2 158 325 557 381 107 670 555 371 47 358 715 367 28 284 228 674 25 274 186 458 606 24 272 180 488 30 296 396 192 32 302 506 126 56 422 318 128 62 446 534 264 60 440 510 144 248 438 504 120
cell 1 4 4 0 0 0 61 61
0 152 300 432 480 150 290 372 72 512 288 362 12 200 540 360 2 158 325 557 381 107 670 555 371 47 358 715 554 366 26 206 564 408 242 14 566 414 266 134 86 416 276 194 56 422 318 506 126 420 312 482 6 176 314 492 48 392 156 494 54
cell 1 5 2 0 0 1 81 0

cell 1 5 2 0 1 0 65 65
0 152 300 432 480 150 290 372 72 512 288 362 12 200 540 360 2 158 324 552 361 4 350 678 385 124 44 680 391 148 260 108 394 162 338 52 404 222 650 247 402 216 608 31 298 218 614 55 284 228 674 367 28 230 684 409 244 20 686 415 268 140 110 418 282
cell 1 5 2 1 0 0 66 66
0 152 300 432 480 150 290 372 72 512 288 362 12 200 540 360 2 158 325 557 381 107 670 555 371 47 358 715 367 28 284 228 674 25 274 186 458 606 24 272 180 488 30 296 396 192 32 302 506 126 56 422 318 128 62 446 534 264 60 440 510 144 248 438 504 120
cell 1 5 3 0 0 0 61 61
0 152 300 432 480 150 290 372 72 512 288 362 12 200 540 360 2 158 325 557 381 107 670 555 371 47 358 715 554 366 26 206 564 408 242 14 566 414 266 134 86 416 276 194 56 422 318 506 126 420 312 482 6 176 314 492 48 392 156 494 54
cell 1 6 1 0 1 0 69 69
0 152 300 432 480 150 290 372 72 512 288 362 12 200 540 360 2 158 325 557 381 107 670 554 366 26 206 564 408 242 14 566 414 266 134 86 416 276 194 56 422 318 506 126 420 312 482 6 176 314 492 390 146 254 84 560 144 248 60 440 510 246 50 398 198 530 48 392 156
cell 1 6 1 1 0 0 74 74
0 152 300 432 480 150 290 372 72 512 288 362 12 200 540 365 23 238 714 553 20 230 684 240 8 182 444 528 241 10 188 650 247 52 404 222 250 66 464 630 145 68 470 654 127 58 428 342 626 55 418 282 218 614 415 268 108 680 391 148 260 678 385 124 44 350 388 138 104 662 295 140 110 686
cell 1 6 2 0 0 0 74 74
0 152 300 432 480 150 290 372 72 512 288 362 12 200 540 360 2 158 325 557 381 107 670 555 371 47 358 715 554 366 26 206 564 408 242 14 566 414 266 134 86 416 276 194 56 422 318 506 126 420 312 482 6 176 314 492 390 146 254 84 560 144 248 60 440 510 246 50 398 198 530 48 392 156
cell 1 7 0 0 0 1 94 94
0 152 300 432 480 150 290 372 72 512 288 362 12 200 540 360 2 158 554 366 26 278 204 368 36 320 516 168 38 326 558 384 122 564 408 242 14 206 410 252 74 518 174 254 84 560 390 146 86 566 414 132 80 542 294 386 78 536 270 170 374 534 264 128 444 528 240 8 182 530 246 396 192 488 30 296 194 494 54 416 276 492 48 392 156 314 50 398 198 248 60 440 510 144
cell 1 7 0 0 1 0 73 73
0 152 300 432 480 150 290 372 72 512 288 362 12 200 540 360 2 158 554 366 26 278 204 368 36 320 516 168 38 326 558 120 32 302 438 504 30 296 396 192 488 294 386 78 536 270 170 374 534 264 128 62 446 266 134 564 408 242 14 206 410 252 74 518 174 254 84 560 390 146 86 566 414
cell 1 7 0 1 0 0 78 78
0 152 300 432 480 150 290 372 72 512 293 383 117 712 541 381 107 670 325 557 104 662 385 124 44 350 678 121 34 308 462 624 31 298 402 606 25 274 186 458 28 284 228 674 367 282 218 614 415 268 140 110 686 265 130 68 470 654 127 58 344 636 169 370 42 638 175 412 258 98 178 426 336 602 7 428 342 626
cell 1 7 1 0 0 0 73 73
0 152 300 432 480 150 290 372 72 512 288 362 12 200 540 289 364 222 650 247 52 404 648 241 10 188 468 244 20 230 412 258 98 638 175 260 108 680 391 148 110 686 415 138 104 662 295 388 102 656 271 172 380 654 265 66 464 630 145 250 462 624 121 34 308 626 127 58 428 342 130 68 470
cell 1 8 0 0 0 0 77 77
0 152 300 432 480 150 290 372 72 512 288 362 12 200 540 360 2 158 554 366 26 278 204 368 36 320 516 168 38 326 558 120 32 302 506 126 56 422 318 128 62 446 534 264 60 440 510 246 50 398 198 530 48 392 156 314 492 390 146 86 566 414 266 134 564 408 242 14 206 410 252 74 518 174 254 84 560
cell 2 0 7 0 0 0 50 50
0 152 300 432 480 150 290 372 72 512 288 362 12 200 540 360 2 158 554 366 26 278 204 368 36 320 516 168 38 326 558 120 32 302 438 504 30 296 396 192 488 294 386 132 80 542 384 122 324 552
cell 2 1 6 0 0 0 50 50
0 152 300 432 480 150 290 372 72 512 288 362 12 200 540 360 2 158 554 366 26 278 204 368 36 320 516 168 38 326 558 120 32 302 438 504 30 296 396 192 488 294 386 132 80 542 384 122 324 552
cell 2 2 5 0 0 0 63 63
0 152 300 432 480 150 290 372 72 512 288 362 12 200 540 360 2 158 554 366 26 278 204 368 36 320 516 168 38 326 558 120 32 302 438 504 30 296 396 192 488 294 386 78 536 270 170 374 534 264 128 62 446 266 134 86 566 414 132 80 542 384 122
cell 2 3 4 0 0 0 63 63
0 152 300 432 480 150 290 372 72 512 288 362 12 200 540 360 2 158 554 366 26 278 204 368 36 320 516 168 38 326 558 120 32 302 438 504 30 296 396 192 488 294 386 78 536 270 170 374 534 264 128 62 446 266 134 86 566 414 132 80 542 384 122
cell 2 4 3 0 0 0 76 0

cell 2 5 2 0 0 0 76 0

cell 2 6 1 0 0 0 84 0

cell 2 7 0 0 0 0 88 88
0 152 300 432 480 150 290 372 72 512 288 362 12 200 540 360 2 158 554 366 26 278 204 368 36 320 516 168 38 326 558 120 32 302 438 504 30 296 396 192 488 294 386 78 536 270 170 374 534 264 128 62 446 266 134 564 408 242 14 206 410 252 74 518 174 254 84 560 144 248 60 440 510 246 50 398 198 530 48 392 156 314 492 390 146 86 566 414
cell 0 0 8 0 0 2 60 60
0 152 300 432 480 150 290 372 72 512 288 362 12 200 540 360 2 158 324 552 144 248 60 440 510 246 50 398 198 530 48 392 156 314 492 390 146 254 84 560 240 8 182 444 528 6 176 420 312 482 174 410 252 74 518 408 242 14 206 564
cell 0 0 9 0 1 0 20 20
0 152 300 432 480 150 290 372 72 512 288 362 12 200 540 360 2 158 324 552
cell 0 0 9 1 0 0 20 20
0 152 300 432 480 155 311 477 705 513 309 467 645 201 545 465 635 159 329 573
cell 0 0 10 0 0 0 20 20
0 152 300 432 480 150 290 372 72 512 288 362 12 200 540 360 2 158 324 552
cell 0 1 7 0 1 1 40 40
0 152 300 432 480 150 290 372 72 512 288 362 12 200 540 360 2 158 324 552 144 248 60 440 510 246 50 398 198 530 48 392 156 314 492 390 146 254 84 560
cell 0 1 7 1 0 1 40 40
0 152 300 432 480 150 290 372 72 512 293 383 117 712 541 381 107 670 325 557 650 247 52 404 222 250 66 464 630 145 68 470 654 265 130 468 648 241 10 188
cell 0 1 8 0 0 1 40 40
0 152 300 432 480 150 290 372 72 512 288 362 12 200 540 360 2 158 324 552 144 248 60 440 510 246 50 398 198 530 48 392 156 314 492 390 146 254 84 560
cell 0 1 8 0 1 0 24 24
0 152 300 432 480 1 154 306 456 4 164 348 672 361 162 338 612 49 394 336 602 7 178 426
cell 0 1 8 1 0 0 24 24
0 152 300 432 480 1 154 306 456 2 158 324 552 360 156 314 492 48 392 312 482 6 176 420
cell 0 1 9 0 0 0 20 20
0 152 300 432 480 150 290 372 72 512 288 362 12 200 540 360 2 158 324 552
cell 0 2 6 0 0 2 73 73
0 152 300 432 480 150 290 372 72 512 288 362 12 200 540 360 2 158 324 552 144 248 60 440 510 246 50 398 198 530 48 392 156 314 492 390 146 254 84 560 240 8 182 444 528 6 176 420 312 482 174 410 252 74 518 408 242 14 566 414 266 134 86 416 276 194 494 54 278 204 554 366 26
cell 0 2 6 0 2 0 38 38
0 152 300 432 480 150 290 372 72 512 288 362 12 200 540 360 2 158 324 552 361 4 164 674 367 28 284 228 370 42 344 636 169 44 350 678 385 124
cell 0 2 7 0 1 0 33 33
0 152 300 432 480 150 290 372 72 512 288 362 12 200 540 289 364 18 662 295 388 138 104 298 402 216 608 31 404 222 650 247 52
cell 0 2 7 1 0 0 38 38
0 152 300 432 480 150 290 372 72 512 293 383 117 712 541 381 107 670 325 557 380 102 656 169 370 42 344 636 367 28 284 228 674 25 274 186 458 606
cell 0 2 8 0 0 0 33 33
0 152 300 432 480 150 290 372 72 512 288 362 12 200 540 360 2 158 554 366 26 278 204 368 36 320 516 168 38 326 558 384 122
cell 0 3 5 0 1 1 57 57
0 152 300 432 480 1 154 306 456 4 164 348 672 361 162 338 612 49 394 336 602 7 428 342 626 127 58 344 636 169 370 42 638 175 412 258 98 418 282 218 614 55 284 228 674 367 28 230 684 409 244 20 686 415 268 140 110
cell 0 3 5 1 0 1 58 58
0 152 300 432 480 150 290 372 72 512 293 383 117 712 541 381 107 670 325 557 380 102 656 169 370 42 344 636 367 28 284 228 674 25 274 186 458 606 174 410 252 74 518 408 242 14 206 564 240 8 182 444 528 6 176 420 312 482
cell 0 3 6 0 0 1 53 53
0 152 300 432 480 150 290 372 72 512 288 362 12 200 540 360 2 158 324 552 144 248 60 440 510 246 50 398 198 530 48 392 156 314 492 390 146 254 558 384 122 38 326 386 132 80 542 294 134 86 566 414 266
cell 0 3 6 0 1 0 37 37
0 152 300 432 480 1 154 306 456 4 164 348 672 361 162 338 612 49 394 336 602 7 428 342 626 127 58 344 636 169 370 42 638 175 412 258 98
cell 0 3 6 1 0 0 38 38
0 152 300 432 480 150 290 372 72 512 293 383 117 712 541 381 107 670 325 557 380 102 656 169 370 42 344 636 367 28 284 228 674 25 274 186 458 606
cell 0 3 7 0 0 0 33 33
0 152 300 432 480 150 290 372 72 512 288 362 12 200 540 360 2 158 554 366 26 278 204 368 36 320 516 168 38 326 558 384 122
cell 0 4 4 0 0 2 86 86
0 152 300 432 480 150 290 372 72 512 288 362 12 200 540 360 2 158 324 552 144 248 60 440 510 246 50 398 198 530 48 392 156 314 492 390 146 254 84 560 240 8 182 444 528 6 176 420 312 482 174 410 252 74 518 408 242 14 566 414 266 134 86 416 276 194 494 54 278 204 554 24 272 180 434 486 270 170 374 78 536 168 368 36 320 516
cell 0 4 4 0 2 0 56 56
0 152 300 432 480 150 290 372 72 512 288 362 12 200 540 360 2 158 554 366 26 278 204 368 36 320 516 168 38 326 558 384 122 327 563 405 227 671 560 390 146 86 566 414 266 134 564 408 242 14 206 410 252 74 518 174
cell 0 4 4 1 1 0 56 56
0 152 300 432 480 150 290 372 72 512 288 362 12 200 540 360 2 158 325 557 381 107 670 555 371 47 358 715 367 28 284 228 674 25 274 186 458 606 270 170 374 534 264 128 62 446 266 134 86 566 414 132 80 542 294 386
cell 0 4 4 2 0 0 66 66
0 152 300 432 480 150 290 372 72 512 288 362 12 200 540 360 2 158 325 557 381 107 670 555 371 47 358 715 367 28 284 228 674 25 274 186 458 606 273 185 455 591 657 183 449 549 345 641 182 444 528 6 176 420 312 482 174 410 252 74 518 408 242 14 206 564
cell 0 4 5 0 1 0 46 46
0 152 300 432 480 150 290 372 72 512 288 362 12 200 540 289 364 18 662 295 388 138 104 298 402 216 608 31 404 222 650 49 394 162 338 612 391 148 260 108 680 145 250 66 464 630
cell 0 4 5 1 0 0 51 51
0 152 300 432 480 150 290 372 72 512 288 362 12 200 540 360 2 158 325 557 381 107 670 555 371 47 358 715 367 28 284 228 674 25 274 186 458 606 24 272 180 488 30 296 396 192 32 302 438 504 120
cell 0 4 6 0 0 0 46 46
0 152 300 432 480 150 290 372 72 512 288 362 12 200 540 360 2 158 325 557 381 107 670 555 371 47 358 715 554 366 26 206 564 408 242 14 566 414 266 134 86 416 276 194 494 54
cell 0 5 3 0 1 1 70 70
0 152 300 432 480 1 154 306 456 4 164 348 672 361 162 338 612 49 394 336 602 7 428 342 626 127 58 344 636 169 370 42 638 175 412 258 98 418 282 218 614 55 284 228 674 367 28 230 684 409 244 20 686 415 268 108 680 391 148 260 678 385 124 44 350 388 138 104 662 295
cell 0 5 3 1 0 1 71 71
0 152 300 432 480 150 290 372 72 512 288 362 12 200 540 360 2 158 324 552 144 248 60 440 510 246 50 398 198 530 48 392 156 314 492 390 146 254 85 562 403 221 622 559 389 143 118 716 385 124 44 350 678 121 34 308 462 624 120 32 302 506 126 56 422 318 128 62 446 534 264
cell 0 5 4 0 0 1 66 66
0 152 300 432 480 150 290 372 72 512 288 362 12 200 540 360 2 158 324 552 144 248 60 440 510 246 50 398 198 530 48 392 156 314 492 390 146 254 558 384 122 38 326 386 132 80 542 294 134 86 566 264 128 62 446 534 126 56 422 318 506 54 416 276 194 494
cell 0 5 4 0 1 0 50 50
0 152 300 432 480 1 154 306 456 4 164 348 672 361 162 338 612 49 394 336 602 7 179 431 357 707 519 429 347 647 207 569 428 342 626 55 418 282 218 614 415 268 140 110 686 265 130 68 470 654
cell 0 5 4 1 0 0 51 51
0 152 300 432 480 150 290 372 72 512 288 362 12 200 540 360 2 158 325 557 381 107 670 555 371 47 358 715 367 28 284 228 674 25 274 186 458 606 24 272 180 488 30 296 396 192 32 302 438 504 120
cell 0 5 5 0 0 0 46 46
0 152 300 432 480 150 290 372 72 512 288 362 12 200 540 360 2 158 325 557 381 107 670 555 371 47 358 715 554 366 26 206 564 408 242 14 566 414 266 134 86 416 276 194 494 54
cell 0 6 2 0 0 2 94 94
0 152 300 432 480 150 290 372 72 512 288 362 12 200 540 360 2 158 324 552 144 248 60 440 510 246 50 398 198 530 48 392 156 314 492 390 146 254 84 560 240 8 182 444 528 6 176 420 312 482 174 410 252 74 518 408 242 14 566 414 266 134 86 416 276 194 494 54 278 204 554 367 28 284 228 674 25 274 186 458 606 24 272 180 488 30 296 396 192 32 302 438 504 120
cell 0 6 2 0 2 0 69 69
0 152 300 432 480 150 290 372 72 512 288 362 12 200 540 360 2 158 554 366 26 278 204 368 36 320 516 168 38 326 558 120 32 302 438 504 30 296 396 192 488 294 386 132 80 542 387 137 94 596 679 134 86 566 264 128 62 446 534 126 56 422 318 506 54 416 276 194 494
cell 0 6 2 1 1 0 64 64
0 152 300 432 480 150 290 372 72 512 288 362 12 200 540 365 23 238 714 553 20 230 684 408 242 14 206 564 240 8 182 444 528 241 10 188 650 247 52 404 222 250 66 464 630 145 68 470 654 127 58 428 342 626 55 418 282 218 614 415 268 140 110 686
cell 0 6 2 2 0 0 74 74
0 152 300 432 480 150 290 372 72 512 288 362 12 200 540 360 2 158 325 557 381 107 670 555 371 47 358 715 367 28 284 228 674 25 274 186 458 606 273 185 455 591 657 183 449 549 345 641 182 444 528 6 176 420 312 482 174 410 252 74 518 408 242 14 566 414 266 134 86 416 276 194 494 54
cell 0 6 3 0 1 0 59 59
0 152 300 432 480 150 290 372 72 512 288 362 12 200 540 289 364 18 662 295 388 138 104 298 402 216 608 31 404 222 650 246 50 398 198 530 48 392 156 314 492 49 394 162 614 55 418 282 218 58 428 342 626 127 426 336 602 7 178
cell 0 6 3 1 0 0 64 64
0 152 300 432 480 150 290 372 72 512 288 362 12 200 540 360 2 158 325 557 381 107 670 555 371 47 358 715 554 366 26 206 564 408 242 14 566 414 266 134 86 418 282 218 614 55 285 233 695 537 275 191 479 711 273 185 455 591 657 183 449 549 345 641
cell 0 6 4 0 0 0 59 59
0 152 300 432 480 150 290 372 72 512 288 362 12 200 540 360 2 158 325 557 381 107 670 555 371 47 358 715 554 366 26 206 564 408 242 14 566 414 266 134 86 416 276 194 56 422 318 506 126 420 312 482 6 176 314 492 48 392 156
cell 0 7 1 0 1 1 83 83
0 152 300 432 480 150 290 372 72 512 288 362 12 200 540 360 2 158 324 552 361 4 350 678 385 124 44 680 391 148 260 108 394 162 338 612 49 344 636 169 370 42 638 175 412 258 98 178 426 336 602 7 428 342 626 55 418 282 218 614 415 268 140 110 686 265 130 68 656 271 172 380 102 274 186 458 606 25 188 468 648 241 10
cell 0 7 1 1 0 1 83 83
0 152 300 432 480 155 311 477 705 513 309 467 645 201 545 465 635 159 329 573 464 630 247 52 404 222 650 49 394 162 338 612 391 148 260 108 680 240 8 182 444 528 6 176 420 312 482 174 410 252 74 518 408 242 14 566 414 266 134 86 416 276 194 494 54 278 204 554 24 272 180 434 486 270 170 374 78 536 168 368 36 320 516
cell 0 7 2 0 0 1 79 79
0 152 300 432 480 150 290 372 72 512 288 362 12 200 540 360 2 158 324 552 144 248 60 440 510 246 50 398 198 530 48 392 156 314 492 390 146 254 558 384 122 38 326 386 132 80 542 294 134 86 566 415 268 140 110 686 265 130 68 470 654 264 128 62 536 270 170 374 78 272 180 434 486 24 182 444 528 240 8
cell 0 7 2 0 1 0 63 63
0 152 300 432 480 150 290 372 72 512 288 362 12 200 540 360 2 158 324 552 361 4 350 678 385 124 44 680 391 148 260 108 394 162 338 52 404 222 650 247 402 216 608 31 298 218 614 55 284 228 674 367 28 230 684 409 244 20 686 415 268 140 110
cell 0 7 2 1 0 0 64 64
0 152 300 432 480 150 290 372 72 512 288 362 12 200 540 360 2 158 325 557 381 107 670 555 371 47 358 715 554 366 26 206 564 408 242 14 566 414 266 134 86 418 282 218 614 55 285 233 695 537 275 191 479 711 273 185 455 591 657 183 449 549 345 641
cell 0 7 3 0 0 0 59 59
0 152 300 432 480 150 290 372 72 512 288 362 12 200 540 360 2 158 325 557 381 107 670 555 371 47 358 715 554 366 26 206 564 408 242 14 566 414 266 134 86 416 276 194 56 422 318 506 126 420 312 482 6 176 314 492 48 392 156
cell 0 8 0 0 0 2 107 107
0 152 300 432 480 150 290 372 72 512 288 362 12 200 540 360 2 158 324 552 144 248 60 440 510 246 50 398 198 530 48 392 156 494 54 416 276 194 56 422 318 506 126 420 312 482 174 410 252 74 518 408 242 14 206 564 240 8 182 444 528 168 368 36 320 516 366 26 278 204 554 24 272 180 434 486 270 170 374 534 264 128 62 446 266 134 86 566 414 132 80 542 384 122 38 326 558 120 32 302 438 504 30 296 396 192 488
cell 0 8 1 0 1 0 67 67
0 152 300 432 480 150 290 372 72 512 288 362 12 200 540 360 2 158 554 366 26 278 204 368 36 320 516 168 38 326 558 385 124 44 350 678 120 32 302 506 126 56 422 318 128 62 446 534 264 60 440 510 246 50 398 198 530 48 392 156 314 492 390 146 254 84 560
cell 0 8 1 1 0 0 72 72
0 152 300 432 480 150 290 372 72 512 288 362 12 200 540 360 2 158 554 366 26 278 204 368 36 320 516 168 40 332 582 625 123 331 581 615 420 312 482 6 176 421 317 503 685 411 257 95 598 413 263 119 718 565 261 113 694 531 251 71 478 709 249 65 454 589 651 63 448 547 339 617
cell 0 8 2 0 0 0 72 72
0 152 300 432 480 150 290 372 72 512 288 362 12 200 540 360 2 158 554 366 26 278 204 368 36 320 516 168 38 326 558 385 124 44 350 678 121 34 308 462 624 120 32 302 506 126 56 422 318 128 62 446 534 264 60 440 510 246 50 398 198 530 48 392 156 314 492 390 146 254 84 560
cell 0 9 0 0 0 1 92 92
0 152 300 432 480 150 290 372 72 512 288 362 12 200 540 360 2 158 554 366 26 278 204 368 36 320 516 168 38 326 558 120 32 302 438 504 30 296 396 192 488 294 386 132 80 542 126 56 422 318 506 54 416 276 194 494 414 266 134 86 566 264 128 62 536 270 170 374 78 272 180 434 486 24 182 444 528 6 176 420 312 482 174 410 252 74 518 408 242 14 206 564
cell 0 9 0 0 1 0 66 66
0 152 300 432 480 150 290 372 72 512 288 362 12 200 540 360 2 158 324 552 3 160 578 607 27 280 210 610 37 322 522 217 40 332 582 125 46 356 702 505 43 346 642 193 490 343 628 133 547 339 617 445 533 261 113 694 531 251 71 478 709 249 65 454 589 651
cell 0 9 0 1 0 0 71 71
0 152 300 432 480 150 290 372 72 512 288 362 12 200 540 365 23 238 714 553 20 230 684 241 10 188 468 648 7 178 426 336 602 175 412 258 636 169 370 42 344 172 380 654 265 130 68 470 268 140 110 686 415 138 104 662 385 124 44 350 678 121 34 308 462 624 31 298 402 216 608
cell 0 9 1 0 0 0 71 71
0 152 300 432 480 150 290 372 72 512 288 362 12 200 540 360 2 158 325 557 381 107 670 555 371 47 358 715 368 36 518 174 410 252 74 176 420 312 482 6 422 318 506 54 416 276 194 494 414 266 134 86 566 264 128 62 536 270 170 374 78 272 180 434 486 24 182 444 528 240 8
cell 0 10 0 0 0 0 70 70
0 152 300 432 480 150 290 372 72 512 288 362 12 200 540 360 2 158 554 366 26 278 204 368 36 320 516 168 38 326 558 120 32 302 438 504 30 296 396 192 488 294 386 78 536 270 170 374 534 264 128 62 446 266 134 564 408 242 14 206 410 252 74 518 174 254 84 560 390 146
cell 1 0 8 0 0 1 55 55
0 152 300 432 480 150 290 372 72 512 288 362 12 200 540 360 2 158 324 552 144 248 60 440 510 246 50 398 198 530 48 392 156 314 492 390 146 254 558 384 122 38 326 386 132 80 542 294 134 86 566 414 266 84 560
cell 1 0 8 0 1 0 35 35
0 152 300 432 480 150 290 372 72 512 288 362 12 200 540 360 2 158 554 366 26 278 204 368 36 320 516 168 38 326 558 384 122 324 552
cell 1 0 8 1 0 0 35 35
0 152 300 432 480 155 311 477 705 513 309 467 645 201 545 465 635 159 575 471 659 279 209 473 669 321 521 189 671 327 563 405 227 329 573
cell 1 0 9 0 0 0 35 35
0 152 300 432 480 150 290 372 72 512 288 362 12 200 540 360 2 158 554 366 26 278 204 368 36 320 516 168 38 326 558 384 122 324 552
cell 1 1 7 0 1 0 39 39
0 152 300 432 480 1 154 306 456 4 164 348 672 361 162 338 612 49 394 336 602 7 428 342 626 127 58 344 636 169 370 42 638 175 412 258 98 178 426
cell 1 1 7 1 0 0 39 39
0 152 300 432 480 1 154 306 456 2 158 324 552 360 156 314 492 48 392 312 482 6 422 318 506 126 56 320 516 168 368 36 518 174 410 252 74 176 420
cell 1 1 8 0 0 0 35 35
0 152 300 432 480 150 290 372 72 512 288 362 12 200 540 360 2 158 554 366 26 278 204 368 36 320 516 168 38 326 558 384 122 324 552
cell 1 2 6 0 0 1 68 68
0 152 300 432 480 150 290 372 72 512 288 362 12 200 540 360 2 158 324 552 144 248 60 440 510 246 50 398 198 530 48 392 156 314 492 390 146 254 558 384 122 38 326 386 132 80 542 294 134 86 566 264 128 62 446 534 126 56 422 318 506 54 416 276 194 494 414 266
cell 1 2 6 0 1 0 48 48
0 152 300 432 480 150 290 372 72 512 288 362 12 200 540 289 364 18 662 295 388 138 104 298 402 216 608 31 404 222 650 49 394 162 338 612 391 148 260 108 680 145 250 66 464 630 247 52
cell 1 2 6 1 0 0 53 53
0 152 300 432 480 150 290 372 72 512 293 383 117 712 541 381 107 670 325 557 380 102 656 169 370 42 344 636 367 28 230 684 409 244 20 686 415 268 140 110 418 282 218 614 55 284 228 674 25 274 186 458 606
cell 1 2 7 0 0 0 48 48
0 152 300 432 480 150 290 372 72 512 288 362 12 200 540 360 2 158 554 366 26 278 204 368 36 320 516 168 38 326 558 120 32 302 438 504 30 296 396 192 488 294 386 132 80 542 384 122
cell 1 3 5 0 1 0 52 52
0 152 300 432 480 1 154 306 456 4 164 348 672 361 162 338 612 49 394 336 602 7 428 342 626 127 58 344 636 169 370 42 638 175 260 108 680 391 148 110 686 415 268 140 684 409 244 20 230 412 258 98
cell 1 3 5 1 0 0 53 53
0 152 300 432 480 150 290 372 72 512 293 383 117 712 541 381 107 670 325 557 380 102 656 169 370 42 344 636 367 28 230 684 409 244 20 686 415 268 140 110 418 282 218 614 55 284 228 674 25 274 186 458 606
cell 1 3 6 0 0 0 48 48
0 152 300 432 480 150 290 372 72 512 288 362 12 200 540 360 2 158 554 366 26 278 204 368 36 320 516 168 38 326 558 120 32 302 438 504 30 296 396 192 488 294 386 132 80 542 384 122
cell 1 4 4 0 0 1 81 81
0 152 300 432 480 150 290 372 72 512 288 362 12 200 540 360 2 158 324 552 144 248 60 440 510 246 50 398 198 530 48 392 156 314 492 390 146 254 558 384 122 38 326 386 132 80 542 294 134 86 566 264 128 62 446 534 126 56 422 318 506 54 416 192 488 30 296 396 486 24 272 180 434 26 278 204 554 366 276 194 494
cell 1 4 4 0 1 0 61 61
0 152 300 432 480 150 290 372 72 512 288 362 12 200 540 289 364 18 662 295 388 138 104 298 402 216 608 31 404 222 650 49 394 162 338 612 391 148 260 108 680 145 250 462 624 121 34 308 626 127 58 428 342 130 68 470 654 265 66 464 630
cell 1 4 4 1 0 0 66 66
0 152 300 432 480 150 290 372 72 512 288 362 12 200 540 360 2 158 325 557 381 107 670 555 371 47 358 715 367 28 284 228 674 25 274 186 458 606 24 272 180 488 30 296 396 192 32 302 506 126 56 422 318 128 62 446 534 264 60 440 510 144 248 438 504 120
cell 1 4 5 0 0 0 61 61
0 152 300 432 480 150 290 372 72 512 288 362 12 200 540 360 2 158 325 557 381 107 670 555 371 47 358 715 554 366 26 206 564 408 242 14 566 414 266 134 86 416 276 194 56 422 318 506 126 420 312 482 6 176 314 492 48 392 156 494 54
cell 1 5 3 0 1 0 65 65
0 152 300 432 480 1 154 306 456 4 164 348 672 361 162 338 612 49 394 336 602 7 179 431 357 707 519 429 347 647 207 569 428 342 626 55 418 282 218 614 415 268 140 110 686 265 130 68 656 271 172 380 102 274 186 458 606 25 188 468 648 241 10 470 654
cell 1 5 3 1 0 0 66 0

cell 1 5 4 0 0 0 61 61
0 152 300 432 480 150 290 372 72 512 288 362 12 200 540 360 2 158 325 557 381 107 670 555 371 47 358 715 554 366 26 206 564 408 242 14 566 414 266 134 86 416 276 194 56 422 318 506 126 420 312 482 6 176 314 492 48 392 156 494 54
cell 1 6 2 0 0 1 94 94
0 152 300 432 480 150 290 372 72 512 288 362 12 200 540 360 2 158 324 552 144 248 60 440 510 246 50 398 198 530 48 392 156 314 492 390 146 254 558 384 122 38 326 386 132 80 542 294 134 86 566 415 268 140 110 686 265 130 68 470 654 264 128 62 536 270 170 374 78 272 180 434 486 24 182 444 528 6 176 420 312 482 174 410 252 74 518 408 242 14 206 564 240 8
cell 1 6 2 0 1 0 74 0

cell 1 6 2 1 0 0 79 0

cell 1 6 3 0 0 0 74 74
0 152 300 432 480 150 290 372 72 512 288 362 12 200 540 360 2 158 325 557 381 107 670 555 371 47 358 715 554 366 26 206 564 408 242 14 566 414 266 134 86 416 276 194 56 422 318 506 126 420 312 482 6 176 314 492 390 146 254 84 560 144 248 60 440 510 246 50 398 198 530 48 392 156
cell 1 7 1 0 1 0 78 78
0 152 300 432 480 150 290 372 72 512 288 362 12 200 540 360 2 158 324 552 361 4 350 678 385 124 44 680 391 148 260 108 394 162 338 52 404 222 650 247 402 216 608 31 298 218 614 55 284 228 674 367 28 230 684 409 244 20 686 415 138 104 662 295 388 102 656 271 172 380 654 265 130 68 470 268 140 110
cell 1 7 1 1 0 0 78 78
0 152 300 432 480 155 311 477 705 513 309 467 645 201 545 465 635 159 329 573 464 630 247 52 404 222 650 49 394 162 338 612 391 148 260 678 385 124 44 350 388 138 104 662 295 140 110 686 265 130 68 470 654 127 58 428 342 626 55 418 216 608 31 298 402 606 25 274 186 458 28 284 228 674 367 282 218 614
cell 1 7 2 0 0 0 74 74
0 152 300 432 480 150 290 372 72 512 288 362 12 200 540 360 2 158 325 557 381 107 670 555 371 47 358 715 554 366 26 206 564 408 242 14 566 414 266 134 86 416 276 194 56 422 318 506 126 420 312 482 6 176 314 492 390 146 254 84 560 144 248 60 440 510 246 50 398 198 530 48 392 156
cell 1 8 0 0 0 1 102 102
0 152 300 432 480 150 290 372 72 512 288 362 12 200 540 360 2 158 554 366 26 278 204 368 36 320 516 168 38 326 558 120 32 302 438 504 30 296 396 192 488 390 146 254 84 560 144 248 60 440 510 246 50 398 198 530 48 392 156 494 54 416 276 194 56 422 318 506 126 420 312 482 174 410 252 74 518 408 242 14 206 564 240 8 446 534 264 128 62 536 270 170 374 78 272 180 434 486 24 182 444 528
cell 1 8 0 0 1 0 77 77
0 152 300 432 480 150 290 372 72 512 288 362 12 200 540 360 2 158 324 552 4 350 678 385 124 44 680 391 148 260 108 394 162 338 52 404 222 650 247 402 216 608 31 298 218 614 55 284 228 674 367 28 230 684 409 244 20 686 415 138 104 662 295 388 102 656 271 172 380 654 265 130 68 470 268 140 110
cell 1 8 0 1 0 0 82 82
0 152 300 432 480 150 290 372 72 512 288 362 12 200 540 365 23 238 714 553 20 230 684 241 10 188 468 648 7 178 426 336 602 175 412 258 636 169 370 342 626 127 58 428 624 121 34 308 462 124 44 350 388 138 104 662 295 140 110 686 415 268 108 680 145 250 66 464 630 247 52 404 222 650 49 394 162 338 612 391 148 260
cell 1 8 1 0 0 0 82 82
0 152 300 432 480 150 290 372 72 512 288 362 12 200 540 360 2 158 554 366 26 278 204 368 36 320 516 168 38 326 558 385 124 44 350 678 120 32 302 506 126 56 422 318 128 62 446 534 264 60 440 510 246 50 398 198 530 48 392 156 314 492 390 146 86 566 414 266 134 564 408 242 14 206 410 252 74 518 174 254 84 560
cell 1 9 0 0 0 0 81 81
0 152 300 432 480 150 290 372 72 512 288 362 12 200 540 360 2 158 554 366 26 278 204 368 36 320 516 168 38 326 558 120 32 302 438 504 30 296 396 192 488 294 386 78 536 270 170 374 534 264 128 444 528 6 176 420 312 482 174 410 252 74 518 408 242 14 206 564 240 8 182 530 246 50 398 198 248 60 440 510 144
cell 2 0 8 0 0 0 50 50
0 152 300 432 480 150 290 372 72 512 288 362 12 200 540 360 2 158 554 366 26 278 204 368 36 320 516 168 38 326 558 120 32 302 438 504 30 296 396 192 488 294 386 132 80 542 384 122 324 552
cell 2 1 7 0 0 0 50 50
0 152 300 432 480 150 290 372 72 512 288 362 12 200 540 360 2 158 554 366 26 278 204 368 36 320 516 168 38 326 558 120 32 302 438 504 30 296 396 192 488 294 386 132 80 542 384 122 324 552
cell 2 2 6 0 0 0 63 63
0 152 300 432 480 150 290 372 72 512 288 362 12 200 540 360 2 158 554 366 26 278 204 368 36 320 516 168 38 326 558 120 32 302 438 504 30 296 396 192 488 294 386 78 536 270 170 374 534 264 128 62 446 266 134 86 566 414 132 80 542 384 122
cell 2 3 5 0 0 0 63 63
0 152 300 432 480 150 290 372 72 512 288 362 12 200 540 360 2 158 554 366 26 278 204 368 36 320 516 168 38 326 558 120 32 302 438 504 30 296 396 192 488 294 386 78 536 270 170 374 534 264 128 62 446 266 134 86 566 414 132 80 542 384 122
cell 2 4 4 0 0 0 76 0

cell 2 5 3 0 0 0 76 0

